"geocode","city","type of sell","average market price"
"22273","SAINT-ALBAN","Maison","2194"
"22171","PLAINTEL","Maison","1633"
"22389","YFFINIAC","Maison","1706"
"22234","PLOUVARA","Maison","1452"
"22182","PLELO","Maison","1385"
"22059","LE FOEIL","Maison","1467"
"22106","LANGUEUX","Maison","1981"
"22262","QUINTIN","Maison","1226"
"22206","CHATELAUDREN-PLOUAGAT","Maison","1288"
"22278","SAINT-BRIEUC","Maison","1617"
"22186","PLENEUF-VAL-ANDRE","Maison","2993"
"22081","HILLION","Maison","1673"
"22055","BINIC-ETABLES-SUR-MER","Maison","2543"
"22044","COETMIEUX","Maison","1642"
"22246","POMMERET","Maison","1595"
"22215","PLOUFRAGAN","Maison","1658"
"22162","PAIMPOL","Maison","2297"
"22187","PLERIN","Maison","2009"
"22372","TREMUSON","Maison","1498"
"22258","QUESSOY","Maison","1623"
"22251","PORDIC","Maison","1998"
"22232","PLOURHAN","Maison","1642"
"22093","LAMBALLE-ARMOR","Maison","1820"
"22073","LA HARMOYE","Maison","1143"
"22203","PLOEUC-L'HERMITAGE","Maison","1253"
"22214","PLOUEZEC","Maison","1981"
"22360","TREGUEUX","Maison","1742"
"22099","LANFAINS","Maison","1390"
"22277","SAINT-BRANDAN","Maison","1515"
"22170","PLAINE-HAUTE","Maison","1574"
"22176","PLEDRAN","Maison","1605"
"22153","MONCONTOUR","Maison","1273"
"22346","TREDANIEL","Maison","1415"
"22242","PLURIEN","Maison","2252"
"22150","LE MERZER","Maison","1418"
"22370","TREMEVEN","Maison","1351"
"22222","PLOUHA","Maison","1895"
"22210","PLOUBAZLANEC","Maison","2803"
"22325","SAINT-QUAY-PORTRIEUX","Maison","2549"
"22233","PLOURIVO","Maison","1533"
"22117","LANTIC","Maison","1747"
"22177","PLEGUIEN","Maison","1726"
"22054","ERQUY","Maison","2726"
"22016","BREHAT","Maison","8252"
"22248","POMMERIT-LE-VICOMTE","Maison","1283"
"22109","LANLOUP","Maison","1587"
"22121","LANVOLLON","Maison","1458"
"22079","HENON","Maison","1632"
"22045","COHINIAC","Maison","1154"
"22281","SAINT-CARREUC","Maison","1344"
"22011","BOQUEHO","Maison","1280"
"22057","LE FAOUET","Maison","1801"
"22390","YVIAS","Maison","1724"
"22345","TREBRY","Maison","1379"
"22332","SAINT-TRIMOEL","Maison","1291"
"22112","LANNEBERT","Maison","1688"
"22356","TREGOMEUR","Maison","1725"
"22178","PLEHEDEL","Maison","1579"
"22144","LA MEAUGON","Maison","1721"
"22098","LANDEHEN","Maison","1439"
"22063","GOMMENEC H","Maison","1673"
"22015","BREHAND","Maison","1444"
"22307","SAINT-JULIEN","Maison","1393"
"22375","TRESSIGNAUX","Maison","1615"
"22377","TREVENEUC","Maison","2024"
"22287","SAINT-DONAN","Maison","1333"
"22291","SAINT-GILDAS","Maison","1030"
"22086","KERFOT","Maison","1409"
"22160","NOYAL","Maison","1440"
"22326","SAINT-RIEUL","Maison","1496"
"22236","PLUDUAL","Maison","1480"
"22361","TREGUIDEL","Maison","1390"
"22188","PLERNEUF","Maison","1433"
"22002","ANDEL","Maison","1818"
"22296","SAINT-GLEN","Maison","1362"
"22009","LE BODEO","Maison","2699"
"22140","LA MALHOURE","Maison","1465"
"22378","TREVEREC","Maison","1742"
"22108","LANLEFF","Maison","0"
"22165","PENGUILY","Maison","1162"
"22386","LE VIEUX BOURG","Maison","1142"
"22126","LE LESLAY","Maison","1128"
"22261","QUINTENIC","Maison","1661"
"22276","SAINT-BIHY","Maison","1114"
"22084","JUGON-LES-LACS-COMMUNE NOUVELL","Maison","1432"
"22097","LA LANDEC","Maison","1250"
"22185","PLENEE-JUGON","Maison","1378"
"22012","LA BOUILLIE","Maison","1772"
"22096","LANDEBIA","Maison","1545"
"22302","SAINT-JACUT-DE-LA-MER","Maison","3463"
"22282","SAINT-CAST-LE-GUILDO","Maison","3012"
"22327","SAINT-SAMSON-SUR-RANCE","Maison","1899"
"22071","GUITTE","Maison","1311"
"22190","PLESLIN-TRIGAVOU","Maison","1743"
"22259","QUEVERT","Maison","1722"
"22193","PLESTAN","Maison","1539"
"22213","PLOUER-SUR-RANCE","Maison","3094"
"22337","SEVIGNAC","Maison","1415"
"22056","EVRAN","Maison","1458"
"22208","PLOUASNE","Maison","1322"
"22205","PLOREC-SUR-ARGUENON","Maison","1554"
"22069","GUENROC","Maison","1254"
"22308","SAINT-JUVAT","Maison","1372"
"22280","SAINT-CARNE","Maison","1496"
"22267","ROUILLAC","Maison","807"
"22201","PLEVENON","Maison","2574"
"22143","MATIGNON","Maison","1995"
"22391","YVIGNAC-LA-TOUR","Maison","1052"
"22364","TRELIVAN","Maison","1770"
"22385","LA VICOMTE SUR RANCE","Maison","2061"
"22209","BEAUSSAIS-SUR-MER","Maison","2555"
"22341","TRAMAIN","Maison","1654"
"22105","LANGUENAN","Maison","1783"
"22197","PLEUDIHEN-SUR-RANCE","Maison","2036"
"22239","PLUMAUDAN","Maison","1444"
"22380","TREVRON","Maison","1335"
"22179","FREHEL","Maison","2694"
"22035","LES CHAMPS GERAUX","Maison","1727"
"22036","LA CHAPELLE BLANCHE","Maison","1405"
"22020","BROONS","Maison","1190"
"22050","DINAN","Maison","2284"
"22339","TADEN","Maison","1774"
"22048","CORSEUL","Maison","2077"
"22299","SAINT-HELEN","Maison","2448"
"22118","LANVALLAY","Maison","1867"
"22240","PLUMAUGAT","Maison","1002"
"22274","SAINT-ANDRE-DES-EAUX","Maison","1586"
"22014","BOURSEUL","Maison","1555"
"22342","TREBEDAN","Maison","1363"
"22114","LANRELAS","Maison","1028"
"22180","PLELAN-LE-PETIT","Maison","1506"
"22082","LE HINGLE","Maison","1652"
"22237","PLUDUNO","Maison","1744"
"22175","PLEDELIAC","Maison","1374"
"22094","LANCIEUX","Maison","3475"
"22053","EREAC","Maison","891"
"22174","PLEBOULLE","Maison","1764"
"22348","TREDIAS","Maison","1040"
"22103","LANGROLAY-SUR-RANCE","Maison","2232"
"22268","RUCA","Maison","2050"
"22200","PLEVEN","Maison","1266"
"22026","CALORGUEN","Maison","1686"
"22172","PLANCOET","Maison","1607"
"22317","SAINT MELOIR DES BOIS","Maison","1406"
"22318","SAINT-MICHEL-DE-PLELAN","Maison","1147"
"22311","SAINT-LORMEL","Maison","1766"
"22104","LANGUEDIAS","Maison","1310"
"22077","HENANSAL","Maison","1485"
"22145","MEGRIT","Maison","1233"
"22076","HENANBIHEN","Maison","1920"
"22369","TREMEUR","Maison","1074"
"22021","BRUSVILY","Maison","1473"
"22032","CAULNES","Maison","1276"
"22368","TREMEREUC","Maison","2208"
"22323","SAINT-POTAN","Maison","1530"
"22306","SAINT-JUDOCE","Maison","1385"
"22003","AUCALEUC","Maison","1661"
"22049","CREHEN","Maison","1772"
"22388","VILDE-GUINGALAN","Maison","1812"
"22008","BOBITAL","Maison","1987"
"22312","SAINT-MADEN","Maison","1175"
"22286","SAINT-DENOUAL","Maison","1693"
"22305","SAINT-JOUAN-DE-L ISLE","Maison","1103"
"22315","SAINT-MAUDEZ","Maison","1500"
"22352","TREFUMEL","Maison","1386"
"22263","LE QUIOU","Maison","945"
"22283","SAINT-CLET","Maison","1176"
"22092","KERPERT","Maison","882"
"22225","PLOUMAGOAR","Maison","1387"
"22212","PLOUEC-DU-TRIEUX","Maison","1068"
"22220","PLOUGUERNEVEL","Maison","826"
"22266","ROSTRENEN","Maison","882"
"22067","GRACES","Maison","1310"
"22004","BEGARD","Maison","1281"
"22019","BRINGOLO","Maison","1719"
"22116","LANRODEC","Maison","1320"
"22023","BULAT-PESTIVIEN","Maison","942"
"22321","ST NICOLAS DU PELEM","Maison","991"
"22161","PABU","Maison","1458"
"22070","GUINGAMP","Maison","1276"
"22135","LOUARGAT","Maison","1307"
"22202","PLEVIN","Maison","1075"
"22115","LANRIVAIN","Maison","739"
"22344","TREBRIVAN","Maison","830"
"22229","PLOUNEVEZ QUINTIN","Maison","896"
"22204","PLOEZAL","Maison","1177"
"22358","TREGONNEAU","Maison","1027"
"22005","BELLE ISLE EN TERRE","Maison","938"
"22065","GOUDELIN","Maison","1453"
"22025","CALLAC","Maison","784"
"22128","LOCARN","Maison","1126"
"22157","LE MOUSTOIR","Maison","1008"
"22137","MAEL CARHAIX","Maison","902"
"22272","ST AGATHON","Maison","1357"
"22331","SAINTE-TREPHINE","Maison","1182"
"22138","MAEL-PESTIVIEN","Maison","781"
"22164","PEDERNEC","Maison","1148"
"22091","KERMOROCH","Maison","1295"
"22163","PAULE","Maison","1040"
"22365","TREMARGAT","Maison","834"
"22256","QUEMPER GUEZENNEC","Maison","1264"
"22189","PLESIDY","Maison","1403"
"22072","GURUNHUEL","Maison","1158"
"22024","CALANHEL","Maison","1172"
"22294","SAINT-GILLES-PLIGEAUX","Maison","879"
"22216","PLOUGONVER","Maison","936"
"22250","PONTRIEUX","Maison","1133"
"22293","SAINT-GILLES-LES-BOIS","Maison","1038"
"22354","TREGLAMUS","Maison","1130"
"22269","RUNAN","Maison","736"
"22338","SQUIFFIEC","Maison","1090"
"22061","GLOMEL","Maison","1207"
"22052","DUAULT","Maison","926"
"22328","SAINT-SERVAIS","Maison","912"
"22322","SAINT-PEVER","Maison","1202"
"22013","BOURBRIAC","Maison","1167"
"22310","SAINT-LAURENT","Maison","1274"
"22087","KERGRIST-MOELOU","Maison","882"
"22088","KERIEN","Maison","802"
"22018","BRELIDY","Maison","1193"
"22231","PLOURAC H","Maison","989"
"22335","SENVEN-LEHART","Maison","1489"
"22223","PLOUISY","Maison","1233"
"22249","PONT-MELVEZ","Maison","760"
"22243","PLUSQUELLEC","Maison","875"
"22351","TREFFRIN","Maison","1110"
"22271","SAINT-ADRIEN","Maison","1827"
"22289","SAINT-FIACRE","Maison","1228"
"22284","SAINT-CONNAN","Maison","915"
"22037","LA CHAPELLE NEUVE","Maison","875"
"22031","CARNOET","Maison","779"
"22095","LANDEBAERON","Maison","1032"
"22373","TREOGAN","Maison","724"
"22304","SAINT-JEAN-KERDANIEL","Maison","1600"
"22139","MAGOAR","Maison","906"
"22029","CANIHUEL","Maison","1098"
"22156","MOUSTERU","Maison","926"
"22040","COADOUT","Maison","1139"
"22129","LOC-ENVEL","Maison","704"
"22320","SAINT-NICODEME","Maison","659"
"22169","PEUMERIT-QUINTIN","Maison","731"
"22132","LOHUEC","Maison","935"
"22226","PLOUMILLIAU","Maison","1563"
"22235","PLOUZELAMBRE","Maison","1171"
"22224","PLOULEC'H","Maison","1827"
"22113","LANNION","Maison","1652"
"22134","LOUANNEC","Maison","2239"
"22168","PERROS-GUIREC","Maison","2560"
"22218","PLOUGRESCANT","Maison","2300"
"22199","PLEUMEUR-GAUTIER","Maison","1295"
"22245","PLUZUNET","Maison","1228"
"22034","CAVAN","Maison","1254"
"22349","TREDREZ-LOCQUEMEAU","Maison","2129"
"22198","PLEUMEUR-BODOU","Maison","2411"
"22353","TREGASTEL","Maison","2650"
"22211","PLOUBEZRE","Maison","1629"
"22166","PENVENAN","Maison","2372"
"22207","PLOUARET","Maison","1276"
"22387","LE VIEUX MARCHE","Maison","1187"
"22362","TREGUIER","Maison","1737"
"22131","LOGUIVY-PLOUGRAS","Maison","1167"
"22194","PLESTIN-LES-GREVES","Maison","1795"
"22101","LANGOAT","Maison","1485"
"22264","LA ROCHE DERRIEN","Maison","1464"
"22042","COATREVEN","Maison","1581"
"22110","LANMERIN","Maison","1541"
"22379","TREVOU-TREGUIGNEC","Maison","2348"
"22127","LEZARDRIEUX","Maison","2377"
"22363","TRELEVERN","Maison","2140"
"22152","MINIHY-TREGUIER","Maison","1602"
"22366","TREMEL","Maison","1925"
"22195","PLEUBIAN","Maison","1783"
"22028","CAMLEZ","Maison","1377"
"22359","TREGROM","Maison","1096"
"22030","CAOUENNEC-LANVEZEAC","Maison","1223"
"22383","TROGUERY","Maison","915"
"22343","TREBEURDEN","Maison","2595"
"22227","PLOUNERIN","Maison","1158"
"22228","PLOUNEVEZ-MOEDEC","Maison","1014"
"22265","ROSPEZ","Maison","1304"
"22340","TONQUEDEC","Maison","1649"
"22347","TREDARZEC","Maison","1426"
"22238","PLUFUR","Maison","1320"
"22119","LANVELLEC","Maison","1303"
"22085","KERBORS","Maison","1907"
"22196","PLEUDANIEL","Maison","1363"
"22221","PLOUGUIEL","Maison","1650"
"22090","KERMARIA-SULARD","Maison","1523"
"22319","SAINT-MICHEL-EN-GREVE","Maison","1350"
"22111","LANMODEZ","Maison","2132"
"22324","SAINT-QUAY-PERROS","Maison","2561"
"22217","PLOUGRAS","Maison","997"
"22254","PRAT","Maison","1243"
"22006","BERHET","Maison","1352"
"22350","TREDUDER","Maison","1505"
"22381","TREZENY","Maison","1327"
"22257","QUEMPERVEN","Maison","878"
"22041","COATASCORN","Maison","1564"
"22033","CAUREL","Maison","1169"
"22244","PLUSSULIEN","Maison","1034"
"22064","GOUAREC","Maison","882"
"22184","PLEMY","Maison","1207"
"22047","CORLAY","Maison","787"
"22046","LE MENE","Maison","1040"
"22255","LA PRENESSAYE","Maison","897"
"22313","SAINT-MARTIN-DES-PRES","Maison","894"
"22371","TREMOREL","Maison","964"
"22285","SAINT-CONNEC","Maison","1086"
"22183","PLEMET","Maison","1178"
"22241","PLUMIEUX","Maison","1281"
"22295","SAINT-GILLES-VIEUX-MARCHE","Maison","966"
"22133","LE LOSCOUET-SUR-MEU","Maison","1079"
"22124","LESCOUET-GOUAREC","Maison","1158"
"22181","PLELAUFF","Maison","1077"
"22074","LE HAUT-CORLAY","Maison","1234"
"22260","LE QUILLIO","Maison","1224"
"22136","LOUDEAC","Maison","1277"
"22039","LA CHEZE","Maison","985"
"22146","MELLIONNEC","Maison","1732"
"22219","PLOUGUENAST","Maison","1369"
"22027","LE CAMBOUT","Maison","604"
"22279","SAINT-CARADEC","Maison","969"
"22275","SAINT-BARNABE","Maison","1099"
"22147","MERDRIGNAC","Maison","999"
"22158","GUERLEDAN","Maison","1052"
"22107","BON REPOS SUR BLAVET","Maison","1048"
"22316","SAINT-MAYEUX","Maison","856"
"22122","LAURENAN","Maison","856"
"22148","MERILLAC","Maison","996"
"22384","UZEL","Maison","947"
"22376","TREVE","Maison","1103"
"22330","SAINT-THELO","Maison","859"
"22083","ILLIFAUT","Maison","784"
"22062","GOMENE","Maison","916"
"22060","GAUSSON","Maison","1342"
"22075","HEMONSTOIR","Maison","998"
"22314","SAINT-MAUDAN","Maison","1142"
"22043","COETLOGON","Maison","1340"
"22149","MERLEAC","Maison","945"
"22068","GRACE-UZEL","Maison","963"
"22288","SAINT-ETIENNE-DU-GUE-DE-L I","Maison","870"
"22333","SAINT-VRAN","Maison","1253"
"22155","LA MOTTE","Maison","1227"
"22300","SAINT-HERVE","Maison","1492"
"22334","SAINT-YGEAUX","Maison","1000"
"22001","ALLINEUC","Maison","894"
"29057","LA FORET-FOUESNANT","Maison","2389"
"29028","CLEDEN-CAP SIZUN","Maison","1256"
"29232","QUIMPER","Maison","1905"
"29170","PLOMELIN","Maison","1767"
"29158","PENMARCH","Maison","1887"
"29072","GUILVINEC","Maison","1712"
"29046","DOUARNENEZ","Maison","1619"
"29003","AUDIERNE","Maison","2301"
"29197","PLOUHINEC","Maison","1812"
"29292","TREGUENNEC","Maison","2405"
"29225","POULDREUZIC","Maison","1422"
"29220","PONT L ABBE","Maison","1925"
"29165","PLOBANNALEC LESCONIL","Maison","1895"
"29135","LOCTUDY","Maison","2124"
"29167","PLOGASTEL ST GERMAIN","Maison","1457"
"29215","PLOZEVET","Maison","1555"
"29006","BENODET","Maison","2938"
"29058","FOUESNANT","Maison","2732"
"29051","ERGUE GABERIC","Maison","1643"
"29173","PLONEIS","Maison","1812"
"29168","PLOGOFF","Maison","1618"
"29214","PLOVAN","Maison","1866"
"29216","PLUGUFFAN","Maison","1692"
"29037","COMBRIT","Maison","2128"
"29174","PLONEOUR LANVERN","Maison","3163"
"29247","ST EVARZEC","Maison","1769"
"29171","PLOMEUR","Maison","2320"
"29169","PLOGONNEC","Maison","1632"
"29108","LANDUDEC","Maison","1224"
"29145","CONFORT MEILARS","Maison","1175"
"29224","POULDERGAT","Maison","1712"
"29060","GOUESNACH","Maison","2026"
"29161","PLEUVEN","Maison","1894"
"29284","TREFFIAGAT","Maison","2508"
"29218","PONT CROIX","Maison","1392"
"29228","PRIMELIN","Maison","1710"
"29087","LE JUCH","Maison","2026"
"29143","MAHALON","Maison","3036"
"29008","BEUZEC CAP SIZUN","Maison","1387"
"29159","PEUMERIT","Maison","1263"
"29233","QUIMPERLE","Maison","1683"
"29274","SCAER","Maison","1130"
"29302","PONT-DE-BUIS-LES-QUIMERC'H","Maison","1232"
"29039","CONCARNEAU","Maison","2281"
"29236","RIEC SUR BELON","Maison","1932"
"29042","CROZON","Maison","2331"
"29027","CHATEAUNEUF-DU-FAOU","Maison","987"
"29049","ELLIANT","Maison","1247"
"29142","LOTHEY","Maison","1181"
"29205","PLOUNEVEZEL","Maison","1227"
"29004","BANNALEC","Maison","1485"
"29016","BRASPARTS","Maison","763"
"29107","LANDUDAL","Maison","1741"
"29222","PORT-LAUNAY","Maison","1003"
"29241","ROSPORDEN","Maison","1433"
"29024","CARHAIX-PLOUGUER","Maison","1055"
"29146","MELGVEN","Maison","1794"
"29022","CAMARET-SUR-MER","Maison","1830"
"29249","SAINT GOAZEC","Maison","907"
"29036","COLLOREC","Maison","647"
"29125","LEUHAN","Maison","975"
"29162","PLEYBEN","Maison","1111"
"29053","LE FAOU","Maison","1443"
"29081","LE HUELGOAT","Maison","1289"
"29226","POULLAN SUR MER","Maison","1756"
"29291","TREGOUREZ","Maison","927"
"29275","SCRIGNAC","Maison","890"
"29293","TREGUNC","Maison","2293"
"29026","CHATEAULIN","Maison","1254"
"29300","LE TREVOUX","Maison","1509"
"29120","LANVEOC","Maison","1934"
"29020","BRIEC","Maison","1535"
"29048","EDERN","Maison","1621"
"29150","MOELAN SUR MER","Maison","2264"
"29147","MELLAC","Maison","1705"
"29211","PLOUYE","Maison","943"
"29227","POULLAOUEN","Maison","948"
"29153","NEVEZ","Maison","2390"
"29172","PLOMODIERN","Maison","1700"
"29062","GOUEZEC","Maison","1742"
"29102","LANDELEAU","Maison","731"
"29041","CORAY","Maison","1374"
"29005","BAYE","Maison","1552"
"29134","LOCRONAN","Maison","2071"
"29110","LANGOLEN","Maison","1416"
"29217","PONT-AVEN","Maison","1798"
"29031","CLOHARS CARNOET","Maison","2558"
"29230","QUERRIEN","Maison","1588"
"29297","TREMEVEN","Maison","1504"
"29044","DINEAULT","Maison","1265"
"29001","ARGOL","Maison","1554"
"29278","SPEZET","Maison","847"
"29234","REDENE","Maison","1536"
"29007","BERRIEN","Maison","1183"
"29272","SAINT YVI","Maison","1563"
"29025","CAST","Maison","1176"
"29176","PLONEVEZ-PORZAY","Maison","1367"
"29269","ST THURIEN","Maison","1087"
"29032","CLOHARS FOUESNANT","Maison","2221"
"29281","TOURCH","Maison","1212"
"29002","ARZANO","Maison","1393"
"29136","LOCUNOLE","Maison","1237"
"29071","GUILLIGOMARCH","Maison","1409"
"29212","PLOUZANE","Maison","1862"
"29178","PLOUDALMEZEAU","Maison","1874"
"29069","GUILERS","Maison","1939"
"29019","BREST","Maison","2006"
"29257","SAINT-PABU","Maison","1850"
"29109","LANDUNVEZ","Maison","2441"
"29208","PLOURIN","Maison","1677"
"29130","LOCMARIA-PLOUZANE","Maison","2289"
"29061","GOUESNOU","Maison","1975"
"29260","SAINT RENAN","Maison","1903"
"29017","BRELES","Maison","1941"
"29098","LAMPAUL-PLOUARZEL","Maison","1946"
"29177","PLOUARZEL","Maison","1993"
"29221","PORSPODER","Maison","1984"
"29099","LAMPAUL-PLOUDALMEZEAU","Maison","1854"
"29011","BOHARS","Maison","1984"
"29040","LE CONQUET","Maison","2187"
"29201","PLOUMOGUER","Maison","1942"
"29119","LANRIVOARE","Maison","1641"
"29190","PLOUGONVELIN","Maison","2598"
"29196","PLOUGUIN","Maison","1459"
"29112","LANILDUT","Maison","1668"
"29282","TREBABU","Maison","1577"
"29254","SAINT-MARTIN-DES-CHAMPS","Maison","1281"
"29270","SAINT-URBAIN","Maison","1793"
"29184","PLOUENAN","Maison","1189"
"29076","MILIZAC-GUIPRONVEL","Maison","1717"
"29290","TREGLONOU","Maison","1507"
"29288","TREGARANTEC","Maison","1358"
"29059","GARLAN","Maison","1295"
"29207","PLOURIN-LES-MORLAIX","Maison","1281"
"29030","CLEDER","Maison","1448"
"29210","PLOUVORN","Maison","1243"
"29259","SAINT-POL-DE-LEON","Maison","1535"
"29244","SAINT-DERRIEN","Maison","1111"
"29151","MORLAIX","Maison","1395"
"29117","LANNILIS","Maison","1614"
"29103","LANDERNEAU","Maison","1764"
"29045","DIRINON","Maison","1979"
"29183","PLOUEGAT-MOYSAN","Maison","1233"
"29188","PLOUGASNOU","Maison","2462"
"29021","PLOUNEOUR-BRIGNOGAN-PLAGES","Maison","1857"
"29235","LE RELECQ-KERHUON","Maison","2386"
"29105","LANDIVISIAU","Maison","1333"
"29204","PLOUNEVENTER","Maison","1248"
"29262","SAINT-SAUVEUR","Maison","1147"
"29266","SAINT-THEGONNEC LOC-EGUINER","Maison","1110"
"29189","PLOUGASTEL-DAOULAS","Maison","2127"
"29160","PLABENNEC","Maison","1861"
"29186","PLOUEZOC'H","Maison","1960"
"29191","PLOUGONVEN","Maison","1840"
"29279","TAULE","Maison","1151"
"29023","CARANTEC","Maison","2507"
"29155","OUESSANT","Maison","2674"
"29140","LOPERHET","Maison","1987"
"29192","PLOUGOULM","Maison","1397"
"29195","PLOUGUERNEAU","Maison","1783"
"29133","LOCQUIREC","Maison","2699"
"29182","PLOUEGAT-GUERRAND","Maison","1170"
"29034","LE CLOITRE-SAINT-THEGONNEC","Maison","1370"
"29273","SANTEC","Maison","2177"
"29163","PLEYBER-CHRIST","Maison","1281"
"29114","LANNEANOU","Maison","920"
"29206","PLOUNEVEZ-LOCHRIST","Maison","1426"
"29075","GUIPAVAS","Maison","2095"
"29055","LE FOLGOET","Maison","1499"
"29213","PLOUZEVEDE","Maison","1156"
"29198","PLOUIDER","Maison","1444"
"29248","SAINT-FREGANT","Maison","1165"
"29199","PLOUIGNEAU","Maison","1409"
"29111","LANHOUARNEAU","Maison","1216"
"29294","LE TREHOU","Maison","1150"
"29185","PLOUESCAT","Maison","1602"
"29124","LESNEVEN","Maison","1469"
"29209","PLOUVIEN","Maison","1861"
"29097","LAMPAUL-GUIMILIAU","Maison","1178"
"29043","DAOULAS","Maison","1785"
"29113","LANMEUR","Maison","1424"
"29010","BODILIS","Maison","1146"
"29101","LANDEDA","Maison","2260"
"29180","PLOUDIRY","Maison","1373"
"29237","LA ROCHE MAURICE","Maison","1559"
"29038","COMMANA","Maison","795"
"29144","LA MARTYRE","Maison","1282"
"29137","LOGONNA-DAOULAS","Maison","1758"
"29265","SAINTE-SEVE","Maison","1249"
"29301","TREZILIDE","Maison","1141"
"29067","GUERLESQUIN","Maison","1090"
"29179","PLOUDANIEL","Maison","1711"
"29255","SAINT-MEEN","Maison","1649"
"29287","TREFLEZ","Maison","1495"
"29132","LOCQUENOLE","Maison","1926"
"29277","SIZUN","Maison","1097"
"29074","GUIMILIAU","Maison","1122"
"29077","GUISSENY","Maison","1587"
"29080","L HOPITAL CAMFROUT","Maison","1729"
"29064","GOULVEN","Maison","1201"
"29073","GUIMAEC","Maison","1793"
"29156","PENCRAN","Maison","1811"
"29056","LA FOREST-LANDERNEAU","Maison","1793"
"29245","ST DIVY","Maison","1695"
"29187","PLOUGAR","Maison","1057"
"29091","KERLOUAN","Maison","1657"
"29015","BOURG BLANC","Maison","1760"
"29202","PLOUNEOUR-MENEZ","Maison","1126"
"29251","ST-JEAN-DU-DOIGT","Maison","1908"
"29264","SAINT-SERVAIS","Maison","1351"
"29093","KERNILIS","Maison","1447"
"29014","BOTSORHEL","Maison","1014"
"29193","PLOUGOURVEST","Maison","1157"
"29068","GUICLAN","Maison","1192"
"29100","LANARVILY","Maison","1335"
"29239","ROSCOFF","Maison","2401"
"29079","HENVIC","Maison","1540"
"29078","HANVEC","Maison","1692"
"29295","TREMAOUEZAN","Maison","1358"
"29131","LOCMELAR","Maison","1262"
"29082","ILE-DE-BATZ","Maison","3178"
"29181","PLOUEDERN","Maison","1579"
"29095","KERSAINT PLABENNEC","Maison","2757"
"29035","COAT MEAL","Maison","1730"
"29276","SIBIRIL","Maison","1329"
"29086","IRVILLAC","Maison","1551"
"29148","MESPAUL","Maison","1088"
"29047","LE DRENNEC","Maison","1574"
"29268","ST THONAN","Maison","1687"
"29246","SAINT-ELOY","Maison","1067"
"29286","TREFLEVENEZ","Maison","1201"
"29094","KERNOUES","Maison","1425"
"29013","BOTMEUR","Maison","554"
"29238","ROSCANVEL","Maison","1957"
"29229","QUEMENEVEN","Maison","981"
"29256","SAINT-NIC","Maison","1344"
"29123","LENNON","Maison","905"
"29263","SAINT-SEGAL","Maison","1119"
"29240","ROSNOEN","Maison","1502"
"29243","SAINT-COULITZ","Maison","1153"
"29280","TELGRUC-SUR-MER","Maison","1850"
"29261","SAINT-RIVOAL","Maison","691"
"29033","LE CLOITRE-PLEYBEN","Maison","570"
"29175","PLONEVEZ DU FAOU","Maison","838"
"29250","SAINT HERNIN","Maison","1116"
"29152","MOTREFF","Maison","931"
"29267","SAINT THOIS","Maison","1039"
"29104","LANDEVENNEC","Maison","1955"
"29089","KERGLOFF","Maison","937"
"29141","LOQUEFFRET","Maison","787"
"29054","LA FEUILLEE","Maison","840"
"29029","CLEDEN-POHER","Maison","1022"
"29271","SAINT-VOUGAY","Maison","1250"
"29285","TREFLAOUENAN","Maison","1271"
"35059","LA CHAPELLE DES FOUGERETZ","Maison","3487"
"35238","RENNES","Maison","4527"
"35278","SAINT-GREGOIRE","Maison","3383"
"35032","BOURGBARRE","Maison","2150"
"35001","ACIGNE","Maison","2467"
"35210","PACE","Maison","2798"
"35189","MONTGERMONT","Maison","2698"
"35208","ORGERES","Maison","2156"
"35281","ST JACQUES DE LA LANDE","Maison","3474"
"35047","BRUZ","Maison","3115"
"35051","CESSON-SEVIGNE","Maison","3403"
"35024","BETTON","Maison","2862"
"35055","CHANTEPIE","Maison","2726"
"35363","PONT-PEAN","Maison","2202"
"35216","PARTHENAY-DE-BRETAGNE","Maison","2227"
"35353","VEZIN-LE-COQUET","Maison","3085"
"35266","SAINT-ERBLON","Maison","2207"
"35206","NOYAL-CHATILLON-SUR-SEICHE","Maison","2554"
"35352","VERN-SUR-SEICHE","Maison","2741"
"35120","GEVEZE","Maison","2302"
"35066","CHARTRES-DE-BRETAGNE","Maison","2825"
"35193","MONTREUIL-LE-GAST","Maison","2073"
"35099","DOMLOUP","Maison","2242"
"35195","MONTREUIL-SUR-ILLE","Maison","1698"
"35196","MORDELLES","Maison","2472"
"35133","IFFENDIC","Maison","1794"
"35136","JANZE","Maison","1833"
"35028","BOISTRUDAN","Maison","1329"
"35031","LA BOUEXIERE","Maison","2001"
"35152","LIFFRE","Maison","2265"
"35184","MONTAUBAN-DE-BRETAGNE","Maison","1808"
"35177","LA MEZIERE","Maison","2651"
"35117","GAEL","Maison","1079"
"35297","SAINT-MEEN-LE-GRAND","Maison","1360"
"35079","CHEVAIGNE","Maison","2523"
"35143","LANDUJAN","Maison","1633"
"35173","MELESSE","Maison","2598"
"35233","QUEBRIAC","Maison","1856"
"35058","LA CHAPELLE CHAUSSEE","Maison","1932"
"35274","SAINT-GERMAIN-SUR-ILLE","Maison","2151"
"35002","AMANLIS","Maison","1809"
"35088","CORPS-NUDS","Maison","2041"
"35234","QUEDILLAC","Maison","1588"
"35131","L'HERMITAGE","Maison","2208"
"35245","ROMILLE","Maison","2212"
"35130","HEDE-BAZOUGES","Maison","2093"
"35144","LANGAN","Maison","1987"
"35040","BRETEIL","Maison","2210"
"35135","IRODOUER","Maison","1791"
"35007","AUBIGNE","Maison","2186"
"35094","DINGE","Maison","1593"
"35069","CHATEAUGIRON","Maison","2347"
"35037","BREAL-SOUS-MONTFORT","Maison","2137"
"35022","BECHEREL","Maison","1965"
"35220","PIRE-SUR-SEICHE","Maison","1782"
"35296","SAINT-MEDARD-SUR-ILLE","Maison","1871"
"35251","SAINT-AUBIN-D AUBIGNE","Maison","2143"
"35154","LIVRE-SUR-CHANGEON","Maison","1578"
"35315","SAINT-SULPICE-LA-FORET","Maison","2180"
"35076","CHAVAGNE","Maison","2308"
"35351","LE VERGER","Maison","1777"
"35187","MONTERFIL","Maison","1711"
"35110","FEINS","Maison","1318"
"35326","SENS-DE-BRETAGNE","Maison","1710"
"35197","MOUAZE","Maison","2002"
"35101","DOURDAIN","Maison","1657"
"35275","SAINT-GILLES","Maison","2515"
"35207","NOYAL-SUR-VILAINE","Maison","2678"
"35319","SAINT-THURIAL","Maison","1787"
"35081","CLAYES","Maison","1953"
"35334","THORIGNE-FOUILLARD","Maison","2852"
"35180","MINIAC-SOUS-BECHEREL","Maison","1680"
"35128","GUIPEL","Maison","2366"
"35331","TALENSAC","Maison","1751"
"35039","BRECE","Maison","2276"
"35080","CINTRE","Maison","1986"
"35223","PLELAN-LE-GRAND","Maison","1728"
"35240","LE RHEU","Maison","2498"
"35003","ANDOUILLE-NEUVILLE","Maison","1505"
"35250","SAINT-ARMEL","Maison","2185"
"35211","PAIMPONT","Maison","1622"
"35060","LA CHAPELLE DU LOU DU LAC","Maison","1861"
"35146","LANGOUET","Maison","1852"
"35276","SAINT-GONDRAN","Maison","1882"
"35201","MUEL","Maison","1159"
"35169","MAXENT","Maison","1712"
"35023","BEDEE","Maison","1950"
"35107","ERCE-PRES-LIFFRE","Maison","1952"
"35188","MONTFORT-SUR-MEU","Maison","2063"
"35027","BOISGERVILLY","Maison","1726"
"35118","GAHARD","Maison","1564"
"35258","SAINT-BRIEUC-DES-IFFS","Maison","1277"
"35355","VIEUX-VY-SUR-COUESNON","Maison","1670"
"35327","SERVON-SUR-VILAINE","Maison","2717"
"35171","MEDREAC","Maison","1710"
"35290","SAINT-MALON-SUR-MEL","Maison","1359"
"35065","LA CHAPELLE THOUARAULT","Maison","2350"
"35307","SAINT-PERN","Maison","1450"
"35356","VIGNOC","Maison","1993"
"35050","CARDROC","Maison","1616"
"35091","LE CROUAIS","Maison","1296"
"35148","LANRIGAN","Maison","2597"
"35302","SAINT ONEN LA CHAPELLE","Maison","1406"
"35340","TREFFENDEL","Maison","1572"
"35227","PLEUMELEUC","Maison","2127"
"35204","NOUVOITOU","Maison","2369"
"35244","ROMAZY","Maison","1106"
"35067","CHASNE-SUR-ILLET","Maison","1953"
"35041","BRIE","Maison","2180"
"35317","SAINT-SYMPHORIEN","Maison","2269"
"35320","SAINT-UNIAC","Maison","1488"
"35305","SAINT-PERAN","Maison","1941"
"35277","SAINT-GONLAY","Maison","1577"
"35295","SAINT-MAUGAN","Maison","1234"
"35134","LES IFFS","Maison","1506"
"35191","LES PORTES DU COGLAIS","Maison","1196"
"35164","MARCILLE-RAOUL","Maison","1167"
"35163","LUITRE","Maison","1290"
"35121","GOSNE","Maison","2143"
"35019","BAZOUGES-LA-PEROUSE","Maison","1204"
"35004","VAL-COUESNON","Maison","1166"
"35137","JAVENE","Maison","1549"
"35282","SAINT-JEAN-SUR-COUESNON","Maison","1481"
"35086","COMBOURTILLE","Maison","1234"
"35273","SAINT-GERMAIN-EN-COGLES","Maison","1425"
"35115","FOUGERES","Maison","1646"
"35215","PARIGNE","Maison","1494"
"35111","LE FERRE","Maison","875"
"35138","LAIGNELET","Maison","1763"
"35261","ST CHRISTOPHE DE VALAINS","Maison","1253"
"35257","MAEN ROCH","Maison","1417"
"35309","SAINT-REMY-DU-PLAIN","Maison","1396"
"35214","PARCE","Maison","1672"
"35178","MEZIERES-SUR-COUESNON","Maison","1615"
"35243","ROMAGNE","Maison","1709"
"35280","SAINT-HILAIRE-DES-LANDES","Maison","1385"
"35271","ST GEORGES DE REINTEMBAULT","Maison","1026"
"35112","FLEURIGNE","Maison","1226"
"35230","POILLEY","Maison","1437"
"35150","LECOUSSE","Maison","1619"
"35310","SAINT-SAUVEUR-DES-LANDES","Maison","1430"
"35025","BILLE","Maison","1406"
"35253","SAINT-AUBIN-DU-CORMIER","Maison","1904"
"35304","SAINT-OUEN-DES-ALLEUX","Maison","1556"
"35162","LOUVIGNE-DU-DESERT","Maison","1128"
"35157","LE LOROUX","Maison","1223"
"35205","NOYAL-SOUS-BAZOUGES","Maison","1543"
"35075","CHAUVIGNE","Maison","1574"
"35292","SAINT-MARC-LE-BLANC","Maison","1005"
"35142","LANDEAN","Maison","1202"
"35174","MELLE","Maison","957"
"35021","BEAUCE","Maison","1399"
"35018","LA BAZOUGE DU DESERT","Maison","1373"
"35357","VILLAMEE","Maison","1662"
"35062","LA CHAPELLE JANSON","Maison","1171"
"35242","RIMOU","Maison","987"
"35071","LE CHATELLIER","Maison","1297"
"35190","MONTHAULT","Maison","932"
"35063","LA CHAPELLE SAINT AUBERT","Maison","1091"
"35336","LE TIERCENT","Maison","4114"
"35324","LA SELLE-EN-LUITRE","Maison","1106"
"35236","REDON","Maison","1555"
"35312","SAINT-SENOUX","Maison","1743"
"35168","VAL D'ANAST","Maison","1355"
"35139","LAILLE","Maison","2355"
"35054","CHANTELOUP","Maison","1917"
"35322","LE SEL DE BRETAGNE","Maison","1682"
"35294","SAINTE-MARIE","Maison","1388"
"35328","SIXT-SUR-AFF","Maison","1176"
"35084","COMBLESSAC","Maison","1409"
"35013","BAINS-SUR-OUST","Maison","1347"
"35219","PIPRIAC","Maison","1269"
"35176","GUIPRY-MESSAC","Maison","1481"
"35127","GUIGNEN","Maison","1920"
"35237","RENAC","Maison","1524"
"35145","LANGON","Maison","1288"
"35123","GOVEN","Maison","2593"
"35090","CREVIN","Maison","1771"
"35124","GRAND-FOUGERAY","Maison","1255"
"35064","LA CHAPELLE-DE-BRAIN","Maison","1034"
"35249","SAINTE-ANNE-SUR-VILAINE","Maison","1347"
"35321","SAULNIERES","Maison","1596"
"35033","BOURG-DES-COMPTES","Maison","1931"
"35126","GUICHEN","Maison","2372"
"35012","BAIN-DE-BRETAGNE","Maison","1767"
"35212","PANCE","Maison","1728"
"35016","BAULON","Maison","1913"
"35106","ERCE-EN-LAMEE","Maison","1323"
"35311","SAINT-SEGLIN","Maison","1517"
"35221","PLECHATEL","Maison","1643"
"35057","LA CHAPELLE BOUEXIC","Maison","1610"
"35149","LASSY","Maison","2383"
"35285","SAINT-JUST","Maison","1535"
"35268","SAINT-GANTON","Maison","882"
"35151","LIEURON","Maison","1340"
"35218","LE PETIT FOUGERAY","Maison","2361"
"35316","SAINT-SULPICE-DES-LANDES","Maison","1110"
"35089","LA COUYERE","Maison","1353"
"35202","LA NOE BLANCHE","Maison","1260"
"35231","POLIGNE","Maison","1622"
"35098","DOMINELAIS (LA)","Maison","1274"
"35332","TEILLAY","Maison","1250"
"35343","TRESBOEUF","Maison","1304"
"35030","LA BOSSE DE BRETAGNE","Maison","1572"
"35035","BOVEL","Maison","1656"
"35155","LOHEAC","Maison","1228"
"35289","SAINT-MALO-DE-PHILY","Maison","1647"
"35175","MERNEL","Maison","1416"
"35140","LALLEU","Maison","1361"
"35046","LES BRULAIS","Maison","1133"
"35045","BRUC-SUR-AFF","Maison","1608"
"35160","LOUTEHEL","Maison","1287"
"35085","COMBOURG","Maison","1929"
"35314","SAINT-SULIAC","Maison","3421"
"35172","MEILLAC","Maison","1630"
"35049","CANCALE","Maison","3587"
"35306","SAINT-PERE-MARC-EN-POULET","Maison","2296"
"35241","LA RICHARDAIS","Maison","2690"
"35284","SAINT-JOUAN-DES-GUERETS","Maison","2695"
"35224","PLERGUER","Maison","1736"
"35256","SAINT-BRIAC-SUR-MER","Maison","4192"
"35132","HIREL","Maison","1936"
"35288","SAINT-MALO","Maison","3866"
"35299","SAINT-MELOIR-DES-ONDES","Maison","2708"
"35308","SAINT-PIERRE-DE-PLESGUEN","Maison","1536"
"35078","CHERRUEIX","Maison","2289"
"35034","LA BOUSSAC","Maison","1140"
"35156","LONGAULNAY","Maison","1579"
"35265","SAINT-DOMINEUC","Maison","1777"
"35228","PLEURTUIT","Maison","2631"
"35247","ROZ-SUR-COUESNON","Maison","1424"
"35179","MINIAC-MORVAN","Maison","1834"
"35255","SAINT-BENOIT-DES-ONDES","Maison","2207"
"35116","LA FRESNAIS","Maison","1737"
"35248","SAINS","Maison","1108"
"35263","SAINT-COULOMB","Maison","2920"
"35329","SOUGEAL","Maison","991"
"35259","SAINT-BROLADRE","Maison","1611"
"35287","SAINT-LUNAIRE","Maison","4837"
"35279","SAINT-GUINOUX","Maison","1790"
"35345","TREVERIEN","Maison","1362"
"35122","LA GOUESNIERE","Maison","2167"
"35009","BAGUER-MORVAN","Maison","1513"
"35291","SAINT-MARCAN","Maison","1362"
"35342","TREMEHEUC","Maison","1631"
"35104","EPINIAC","Maison","1743"
"35095","DOL DE BRETAGNE","Maison","1957"
"35362","LE TRONCHET","Maison","2055"
"35226","PLEUGUENEUC","Maison","1715"
"35153","LILLEMER","Maison","1516"
"35093","DINARD","Maison","4131"
"35070","CHATEAUNEUF-D ILLE-ET-VILAI","Maison","1735"
"35225","PLESDER","Maison","1389"
"35029","BONNEMAIN","Maison","1656"
"35246","ROZ-LANDRIEUX","Maison","1918"
"35186","MONT-DOL","Maison","2283"
"35056","LA CHAPELLE AUX FILTZMEENS","Maison","1531"
"35358","LA VILLE ES NONAIS","Maison","2119"
"35017","LA BAUSSAINE","Maison","1710"
"35222","PLEINE-FOUGERES","Maison","1239"
"35337","TINTENIAC","Maison","1838"
"35361","LE VIVIER SUR MER","Maison","1740"
"35010","BAGUER-PICAN","Maison","1515"
"35092","CUGUEN","Maison","1294"
"35339","TRANS-LA-FORET","Maison","1532"
"35044","BROUALAN","Maison","2402"
"35318","SAINT-THUAL","Maison","2001"
"35270","SAINT-GEORGES-DE-GREHAIGNE","Maison","1732"
"35159","LOURMAIS","Maison","1666"
"35181","LE MINIHIC SUR RANCE","Maison","2876"
"35346","TRIMER","Maison","1967"
"35354","VIEUX-VIEL","Maison","3372"
"35286","SAINT-LEGER-DES-PRES","Maison","1182"
"35335","THOURIE","Maison","1476"
"35114","FORGES-LA-FORET","Maison","998"
"35096","DOMAGNE","Maison","1835"
"35068","CHATEAUBOURG","Maison","2031"
"35239","RETIERS","Maison","1601"
"35006","ARGENTRE-DU-PLESSIS","Maison","1599"
"35161","LOUVIGNE-DE-BAIS","Maison","1460"
"35125","LA GUERCHE-DE-BRETAGNE","Maison","1224"
"35217","LE PERTRE","Maison","1178"
"35235","RANNEE","Maison","1171"
"35008","AVAILLES-SUR-SEICHE","Maison","1378"
"35167","MARTIGNE-FERCHAUD","Maison","1293"
"35283","SAINT-JEAN-SUR-VILAINE","Maison","1872"
"35347","VAL-D'IZE","Maison","1669"
"35360","VITRE","Maison","2223"
"35014","BAIS","Maison","1595"
"35141","LANDAVRAN","Maison","1426"
"35038","BREAL-SOUS-VITRE","Maison","1245"
"35087","CORNILLE","Maison","1545"
"35015","BALAZE","Maison","1413"
"35300","SAINT-M'HERVE","Maison","1519"
"35183","MONDEVERT","Maison","1464"
"35061","LA CHAPELLE-ERBREE","Maison","1362"
"35338","TORCE","Maison","1494"
"35260","SAINT-CHRISTOPHE-DES-BOIS","Maison","1458"
"35264","SAINT-DIDIER","Maison","2057"
"35200","MOUTIERS","Maison","1168"
"35350","VERGEAL","Maison","1260"
"35359","VISSEICHE","Maison","1385"
"35170","MECE","Maison","1243"
"35333","LE THEIL-DE-BRETAGNE","Maison","1596"
"35097","DOMALAIN","Maison","1476"
"35194","MONTREUIL-SOUS-PEROUSE","Maison","1486"
"35229","POCE-LES-BOIS","Maison","1755"
"35198","MOULINS","Maison","1489"
"35082","COESMES","Maison","1223"
"35108","ESSE","Maison","2005"
"35272","SAINT-GERMAIN-DU-PINEL","Maison","1491"
"35042","BRIELLES","Maison","968"
"35103","EANCE","Maison","949"
"35109","ETRELLES","Maison","1866"
"35325","LA SELLE-GUERCHAISE","Maison","1342"
"35166","MARPIRE","Maison","1367"
"35105","ERBREE","Maison","1552"
"35072","CHATILLON-EN-VENDELAIS","Maison","1309"
"35262","SAINTE-COLOMBE","Maison","1416"
"35165","MARCILLE-ROBERT","Maison","1271"
"35119","GENNES-SUR-SEICHE","Maison","1631"
"35330","TAILLIS","Maison","1336"
"35102","DROUGES","Maison","1237"
"35052","CHAMPEAUX","Maison","1592"
"35192","MONTREUIL-DES-LANDES","Maison","1288"
"35232","PRINCE","Maison","1133"
"35005","ARBRISSEL","Maison","1235"
"35185","MONTAUTOUR","Maison","917"
"35252","SAINT-AUBIN-DES-LANDES","Maison","1597"
"35199","MOUSSE","Maison","1237"
"35077","CHELUN","Maison","998"
"56247","SULNIAC","Maison","2208"
"56259","LA TRINITE SURZUR","Maison","2127"
"56002","AMBON","Maison","2335"
"56254","TREDION","Maison","1532"
"56067","GRANDCHAMP","Maison","2218"
"56214","SAINT-GILDAS-DE-RHUYS","Maison","3561"
"56240","SARZEAU","Maison","3204"
"56149","NOYAL-MUZILLAC","Maison","2121"
"56211","SAINT-CONGARD","Maison","1154"
"56137","MONTERBLANC","Maison","2012"
"56053","ELVEN","Maison","1935"
"56060","LES FOUGERETS","Maison","1260"
"56123","MALANSAC","Maison","1444"
"56153","PEAULE","Maison","1881"
"56184","QUESTEMBERT","Maison","1715"
"56028","CADEN","Maison","1509"
"56260","VANNES","Maison","3258"
"56155","PENESTIN","Maison","2979"
"56251","THEIX-NOYALO","Maison","2506"
"56239","SAINT-VINCENT-SUR-OUST","Maison","1301"
"56022","BRANDIVY","Maison","3332"
"56111","LIMERZEL","Maison","1332"
"56206","SAINT-AVE","Maison","2579"
"56008","BADEN","Maison","3743"
"56154","PEILLAC","Maison","1269"
"56052","DAMGAN","Maison","3392"
"56255","TREFFLEAN","Maison","1906"
"56147","NIVILLAC","Maison","1986"
"56109","LAUZACH","Maison","1839"
"56231","SAINT-NOLFF","Maison","2086"
"56232","SAINT-PERREUX","Maison","1233"
"56001","ALLAIRE","Maison","1502"
"56252","LE TOUR DU PARC","Maison","2880"
"56015","BERRIC","Maison","2158"
"56033","CARENTOIR","Maison","1308"
"56061","LA GACILLY","Maison","1224"
"56084","LE HEZO","Maison","3065"
"56250","THEHILLAC","Maison","1360"
"56243","SENE","Maison","3313"
"56164","PLOEREN","Maison","2510"
"56115","LOCMARIA-GRANDCHAMP","Maison","2239"
"56194","RIEUX","Maison","1191"
"56088","ILE-D ARZ","Maison","3541"
"56011","BEGANNE","Maison","1480"
"56135","MOLAC","Maison","1397"
"56003","ARRADON","Maison","3856"
"56005","ARZON","Maison","4263"
"56143","MUZILLAC","Maison","2095"
"56157","PLAUDREN","Maison","1641"
"56044","COURNON","Maison","1053"
"56216","SAINT-GORGON","Maison","1116"
"56171","PLUHERLIN","Maison","1583"
"56030","CAMOEL","Maison","2560"
"56042","COLPO","Maison","1589"
"56223","SAINT-JEAN-LA-POTERIE","Maison","1342"
"56108","LARRE","Maison","1913"
"56158","PLESCOP","Maison","2515"
"56248","SURZUR","Maison","2731"
"56196","ROCHEFORT-EN-TERRE","Maison","1549"
"56087","ILE-AUX-MOINES","Maison","6110"
"56058","FEREL","Maison","1930"
"56126","MARZAN","Maison","1747"
"56229","SAINT-MARTIN","Maison","1130"
"56212","SAINT-DOLAY","Maison","1836"
"56205","SAINT-ARMEL","Maison","3808"
"56077","LE GUERNO","Maison","1677"
"56120","LOCQUELTAS","Maison","2302"
"56106","LARMOR-BADEN","Maison","4414"
"56159","PLEUCADEUC","Maison","1315"
"56221","SAINT-JACUT-LES-PINS","Maison","1148"
"56224","SAINT-LAURENT","Maison","1759"
"56253","TREAL","Maison","1177"
"56004","ARZAL","Maison","2014"
"56132","MEUCON","Maison","2248"
"56218","SAINT-GRAVE","Maison","1497"
"56018","BILLIERS","Maison","2156"
"56045","LE COURS","Maison","2208"
"56261","LA VRAIE CROIX","Maison","2094"
"56195","LA ROCHE BERNARD","Maison","2884"
"56078","GUIDEL","Maison","2579"
"56162","PLOEMEUR","Maison","2858"
"56083","HENNEBONT","Maison","1911"
"56121","LORIENT","Maison","2240"
"56193","RIANTEC","Maison","2108"
"56220","SAINTE HELENE","Maison","2995"
"56094","KERVIGNAC","Maison","2041"
"56185","QUEVEN","Maison","1998"
"56107","LARMOR-PLAGE","Maison","3453"
"56098","LANESTER","Maison","1936"
"56101","LANGUIDIC","Maison","1784"
"56090","INZINZAC-LOCHRIST","Maison","1690"
"56181","PORT-LOUIS","Maison","2726"
"56169","PLOUHINEC","Maison","2548"
"56130","MERLEVENEZ","Maison","2458"
"56069","GROIX","Maison","3123"
"56118","LOCMIQUELIC","Maison","2299"
"56188","QUISTINIC","Maison","1563"
"56166","PLOUAY","Maison","1870"
"56179","PONT-SCORFF","Maison","1787"
"56040","CLEGUER","Maison","1792"
"56036","CAUDAN","Maison","1736"
"56021","BRANDERION","Maison","1857"
"56062","GAVRES","Maison","2578"
"56063","GESTEL","Maison","2101"
"56029","CALAN","Maison","1969"
"56026","BUBRY","Maison","1240"
"56089","INGUINIEL","Maison","1467"
"56148","NOSTANG","Maison","2409"
"56104","LANVAUDAN","Maison","1619"
"56034","CARNAC","Maison","4181"
"56031","CAMORS","Maison","2005"
"56054","ERDEVEN","Maison","2769"
"56177","PLUVIGNER","Maison","2193"
"56009","BANGOR","Maison","4318"
"56234","SAINT-PIERRE-QUIBERON","Maison","4022"
"56176","PLUNERET","Maison","2297"
"56007","AURAY","Maison","2832"
"56023","BRECH","Maison","2370"
"56116","LOCMARIAQUER","Maison","4267"
"56152","LE PALAIS","Maison","3972"
"56263","SAINTE-ANNE-D'AURAY","Maison","2132"
"56119","LOCOAL-MENDON","Maison","2797"
"56055","ETEL","Maison","2780"
"56013","BELZ","Maison","2698"
"56161","PLOEMEL","Maison","2480"
"56096","LANDAUL","Maison","2392"
"56114","LOCMARIA","Maison","3836"
"56241","SAUZON","Maison","3845"
"56046","CRACH","Maison","2888"
"56175","PLUMERGAT","Maison","2685"
"56186","QUIBERON","Maison","4334"
"56233","SAINT-PHILIBERT","Maison","3907"
"56168","PLOUHARNEL","Maison","2971"
"56258","LA TRINITE SUR MER","Maison","4750"
"56262","LE BONO","Maison","2848"
"56167","PLOUGOUMELEN","Maison","2961"
"56097","LANDEVANT","Maison","2073"
"56085","HOEDIC","Maison","6294"
"56086","HOUAT","Maison","5670"
"56165","PLOERMEL","Maison","1829"
"56197","VAL D'OUST","Maison","1605"
"56129","MENEAC","Maison","1029"
"56244","SERENT","Maison","1395"
"56219","SAINT-GUYOMARD","Maison","1713"
"56047","CREDIN","Maison","968"
"56075","GUER","Maison","1430"
"56190","REGUINY","Maison","1351"
"56006","AUGAN","Maison","1083"
"56249","TAUPONT","Maison","1489"
"56027","BULEON","Maison","1257"
"56122","LOYAT","Maison","1200"
"56103","LANTILLAC","Maison","1044"
"56191","REMINIAC","Maison","1203"
"56065","GOURHEL","Maison","1562"
"56198","ROHAN","Maison","988"
"56124","MALESTROIT","Maison","1502"
"56202","SAINT-ABRAHAM","Maison","1227"
"56172","PLUMELEC","Maison","1504"
"56160","PLEUGRIFFET","Maison","1336"
"56204","SAINT-ALLOUESTRE","Maison","1447"
"56080","GUILLIERS","Maison","958"
"56127","MAURON","Maison","1284"
"56102","LANOUEE","Maison","1141"
"56230","SAINT-NICOLAS-DU-TERTRE","Maison","1232"
"56200","RUFFIAC","Maison","1261"
"56024","BREHAN","Maison","1314"
"56136","MONTENEUF","Maison","1231"
"56189","RADENAC","Maison","1207"
"56091","JOSSELIN","Maison","1461"
"56070","GUEGON","Maison","1235"
"56035","CARO","Maison","1218"
"56051","CRUGUEL","Maison","1170"
"56079","GUILLAC","Maison","1326"
"56134","MOHON","Maison","1069"
"56227","SAINT-MALO-DES-TROIS-FONTAI","Maison","917"
"56208","SAINT-BRIEUC-DE-MAURON","Maison","996"
"56068","LA GREE-SAINT-LAURENT","Maison","1255"
"56226","SAINT-MALO-DE-BEIGNON","Maison","1169"
"56020","BOHAL","Maison","1566"
"56236","SAINT-SERVANT","Maison","1272"
"56228","SAINT-MARCEL","Maison","1682"
"56017","BIGNAN","Maison","1575"
"56032","CAMPENEAC","Maison","1293"
"56225","SAINT-LERY","Maison","559"
"56071","GUEHENNO","Maison","1407"
"56222","SAINT-JEAN-BREVELAY","Maison","1352"
"56133","MISSIRIAC","Maison","1477"
"56257","LA TRINITE-PORHOET","Maison","692"
"56056","EVRIGUET","Maison","793"
"56256","TREHORENTEUC","Maison","1145"
"56043","CONCORET","Maison","1281"
"56050","LA CROIX-HELLEAN","Maison","1567"
"56012","BEIGNON","Maison","1535"
"56180","PORCARO","Maison","904"
"56025","BRIGNAC","Maison","668"
"56019","BILLIO","Maison","1209"
"56082","HELLEAN","Maison","1042"
"56112","LIZIO","Maison","1272"
"56145","NEANT-SUR-YVEL","Maison","1029"
"56141","MOUSTOIR-AC","Maison","1528"
"56041","CLEGUEREC","Maison","1228"
"56173","PLUMELIAU","Maison","1525"
"56125","MALGUENAC","Maison","2069"
"56178","PONTIVY","Maison","1351"
"56140","MOREAC","Maison","1459"
"56113","LOCMALO","Maison","1608"
"56010","BAUD","Maison","1508"
"56066","GOURIN","Maison","1009"
"56174","PLUMELIN","Maison","1616"
"56081","GUISCRIFF","Maison","1108"
"56039","LA CHAPELLE NEUVE","Maison","1911"
"56105","LANVENEGEN","Maison","1054"
"56182","PRIZIAC","Maison","1454"
"56014","BERNE","Maison","1225"
"56057","LE FAOUET","Maison","1209"
"56237","SAINT-THURIAU","Maison","1764"
"56246","LE SOURN","Maison","2317"
"56146","NEULLIAC","Maison","1664"
"56099","LANGOELAN","Maison","2593"
"56151","NOYAL-PONTIVY","Maison","1398"
"56117","LOCMINE","Maison","1529"
"56093","KERGRIST","Maison","1196"
"56131","MESLAN","Maison","1332"
"56215","SAINT-GONNERY","Maison","1397"
"56201","LE SAINT","Maison","993"
"56128","MELRAND","Maison","1623"
"56170","PLOURAY","Maison","1847"
"56092","KERFOURN","Maison","1021"
"56245","SILFIAC","Maison","983"
"56163","PLOERDUT","Maison","1305"
"56210","SAINT-CARADEC-TREGOMEL","Maison","769"
"56264","KERNASCLEDEN","Maison","1734"
"56073","GUEMENE-SUR-SCORFF","Maison","852"
"56242","SEGLIEN","Maison","1065"
"56203","SAINT-AIGNAN","Maison","1318"
"56100","LANGONNET","Maison","1218"
"56110","LIGNOL","Maison","1036"
"56144","EVELLYS","Maison","1227"
"56074","GUENIN","Maison","1396"
"56072","GUELTAS","Maison","976"
"56076","GUERN","Maison","1219"
"56207","SAINT-BARTHELEMY","Maison","1228"
"56238","SAINT-TUGDUAL","Maison","1490"
"56048","LE CROISTY","Maison","1332"
"56209","SAINTE-BRIGITTE","Maison","1203"
"56199","ROUDOUALLEC","Maison","998"
"56156","PERSQUEN","Maison","997"
"56213","SAINT-GERAND","Maison","2059"
"22154","MORIEUX","Maison","1853"
"22173","PLANGUENOUAL","Maison","2135"
"22141","MANTALLOT","Maison","1546"
"22247","POMMERIT-JAUDY","Maison","1225"
"22078","HENGOAT","Maison","934"
"22309","SAINT-LAUNEUC","Maison","960"
"22100","LANGAST","Maison","948"
"29065","GOURLIZON","Maison","1262"
"29066","GUENGAT","Maison","1422"
"29298","TREOGAT","Maison","1759"
"29085","ILE TUDY","Maison","2898"
"29063","GOULIEN","Maison","1099"
"29252","ST JEAN TROLIMON","Maison","1896"
"29296","TREMEOC","Maison","1922"
"29070","GUILER SUR GOYEN","Maison","1000"
"29106","LANDREVARZEC","Maison","1315"
"29299","TREOUERGAT","Maison","1268"
"29128","LOC-EGUINER","Maison","977"
"29126","LOC BREVALAIRE","Maison","1571"
"29116","LANNEUFFRET","Maison","1966"
"29139","LOPEREC","Maison","1526"
"29166","PLOEVEN","Maison","1605"
"29122","LAZ","Maison","1034"
"29018","BRENNILIS","Maison","909"
"29012","BOLAZEC","Maison","731"
"29289","TREGARVAN","Maison","1325"
"29115","LANNEDERN","Maison","777"
"29090","KERLAZ","Maison","2290"
"35053","CHANCE","Maison","1690"
"35301","SAINT-M HERVON","Maison","1713"
"35203","LA NOUAYE","Maison","1996"
"35026","BLERUAIS","Maison","831"
"35348","VENDEL","Maison","1609"
"35269","SAINT-GEORGES-DE-CHESNE","Maison","1078"
"35011","BAILLE","Maison","1083"
"35293","SAINT-MARC-SUR-COUESNON","Maison","1101"
"35344","TRESSE","Maison","1301"
"35147","LANHELIN","Maison","1324"
"56139","MONTERTELOT","Maison","1169"
"56059","LES FORGES","Maison","715"
"56138","MONTERREIN","Maison","1044"
"56016","BIEUZY","Maison","1060"
"56049","CROIXANVEC","Maison","976"
"22253","POULDOURAN","Maison","0"
"29129","LOCMARIA-BERRIEN","Maison","844"
"35100","DOMPIERRE-DU-CHEMIN","Maison","859"
"35303","SAINT-OUEN-LA-ROUERIE","Maison","557"
"35341","TREMBLAY","Maison","1010"
"35113","LA FONTENELLE","Maison","1355"
"22278","SAINT-BRIEUC","Appartement","3191"
"22186","PLENEUF-VAL-ANDRE","Appartement","3900"
"22093","LAMBALLE","Appartement","3268"
"22054","ERQUY","Appartement","2935"
"22206","PLOUAGAT","Appartement","3173"
"22273","SAINT-ALBAN","Appartement","3016"
"22121","LANVOLLON","Appartement","1703"
"22325","SAINT-QUAY-PORTRIEUX","Appartement","3505"
"22214","PLOUEZEC","Appartement","5952"
"22162","PAIMPOL","Appartement","4555"
"22242","PLURIEN","Appartement","6581"
"22210","PLOUBAZLANEC","Appartement","0"
"22222","PLOUHA","Appartement","2183"
"22055","BINIC-ETABLES-SUR-MER","Appartement","4202"
"22187","PLERIN","Appartement","3197"
"22251","PORDIC","Appartement","2449"
"22203","PLOEUC-L'HERMITAGE","Appartement","1882"
"22389","YFFINIAC","Appartement","2697"
"22106","LANGUEUX","Appartement","4041"
"22215","PLOUFRAGAN","Appartement","2366"
"22360","TREGUEUX","Appartement","2910"
"22262","QUINTIN","Appartement","3457"
"22081","HILLION","Appartement","2261"
"22176","PLEDRAN","Appartement","1989"
"22016","BREHAT","Appartement","14980"
"22178","PLEHEDEL","Appartement","2300"
"22182","PLELO","Appartement","2266"
"22296","SAINT-GLEN","Appartement","0"
"22153","MONCONTOUR","Appartement","2297"
"22233","PLOURIVO","Appartement","2432"
"22258","QUESSOY","Appartement","1973"
"22282","SAINT-CAST-LE-GUILDO","Appartement","3915"
"22339","TADEN","Appartement","3982"
"22050","DINAN","Appartement","3233"
"22179","FREHEL","Appartement","3168"
"22180","PLELAN-LE-PETIT","Appartement","2135"
"22209","BEAUSSAIS-SUR-MER","Appartement","2594"
"22143","MATIGNON","Appartement","2810"
"22118","LANVALLAY","Appartement","3620"
"22364","TRELIVAN","Appartement","1674"
"22094","LANCIEUX","Appartement","3453"
"22048","CORSEUL","Appartement","5599"
"22172","PLANCOET","Appartement","2581"
"22193","PLESTAN","Appartement","2580"
"22056","EVRAN","Appartement","3031"
"22259","QUEVERT","Appartement","2417"
"22213","PLOUER-SUR-RANCE","Appartement","2167"
"22337","SEVIGNAC","Appartement","549"
"22032","CAULNES","Appartement","2885"
"22237","PLUDUNO","Appartement","2621"
"22082","LE HINGLE","Appartement","5935"
"22317","SAINT MELOIR DES BOIS","Appartement","1786"
"22197","PLEUDIHEN-SUR-RANCE","Appartement","3550"
"22020","BROONS","Appartement","1607"
"22084","JUGON-LES-LACS-COMMUNE NOUVELL","Appartement","2629"
"22302","SAINT-JACUT-DE-LA-MER","Appartement","4070"
"22096","LANDEBIA","Appartement","1500"
"22190","PLESLIN-TRIGAVOU","Appartement","6773"
"22391","YVIGNAC-LA-TOUR","Appartement","1006"
"22201","PLEVENON","Appartement","3856"
"22380","TREVRON","Appartement","1667"
"22049","CREHEN","Appartement","5001"
"22076","HENANBIHEN","Appartement","10660"
"22266","ROSTRENEN","Appartement","2505"
"22070","GUINGAMP","Appartement","2945"
"22250","PONTRIEUX","Appartement","2280"
"22293","SAINT-GILLES-LES-BOIS","Appartement","2222"
"22225","PLOUMAGOAR","Appartement","1802"
"22272","ST AGATHON","Appartement","1815"
"22004","BEGARD","Appartement","1868"
"22137","MAEL CARHAIX","Appartement","1996"
"22005","BELLE ISLE EN TERRE","Appartement","1158"
"22013","BOURBRIAC","Appartement","2406"
"22025","CALLAC","Appartement","2300"
"22283","SAINT-CLET","Appartement","1092"
"22168","PERROS-GUIREC","Appartement","3765"
"22113","LANNION","Appartement","3614"
"22211","PLOUBEZRE","Appartement","6939"
"22362","TREGUIER","Appartement","3434"
"22343","TREBEURDEN","Appartement","2790"
"22379","TREVOU-TREGUIGNEC","Appartement","3689"
"22194","PLESTIN-LES-GREVES","Appartement","3660"
"22353","TREGASTEL","Appartement","5924"
"22264","LA ROCHE DERRIEN","Appartement","4694"
"22195","PLEUBIAN","Appartement","4646"
"22198","PLEUMEUR-BODOU","Appartement","2837"
"22324","SAINT-QUAY-PERROS","Appartement","4648"
"22319","SAINT-MICHEL-EN-GREVE","Appartement","7855"
"22127","LEZARDRIEUX","Appartement","2602"
"22228","PLOUNEVEZ-MOEDEC","Appartement","2261"
"22207","PLOUARET","Appartement","2152"
"22363","TRELEVERN","Appartement","0"
"22136","LOUDEAC","Appartement","3225"
"22155","LA MOTTE","Appartement","1339"
"22147","MERDRIGNAC","Appartement","5892"
"22183","PLEMET","Appartement","1461"
"22107","BON REPOS SUR BLAVET","Appartement","1245"
"22043","COETLOGON","Appartement","1350"
"22075","HEMONSTOIR","Appartement","3271"
"22158","GUERLEDAN","Appartement","2282"
"22279","SAINT-CARADEC","Appartement","1058"
"22384","UZEL","Appartement","0"
"22039","LA CHEZE","Appartement","943"
"22046","LE MENE","Appartement","1833"
"22047","CORLAY","Appartement","0"
"22371","TREMOREL","Appartement","0"
"22334","SAINT-YGEAUX","Appartement","1807"
"22376","TREVE","Appartement","1024"
"22295","SAINT-GILLES-VIEUX-MARCHE","Appartement","591"
"29232","QUIMPER","Appartement","2793"
"29046","DOUARNENEZ","Appartement","2107"
"29006","BENODET","Appartement","2650"
"29058","FOUESNANT","Appartement","2786"
"29158","PENMARCH","Appartement","1586"
"29220","PONT L ABBE","Appartement","2898"
"29003","AUDIERNE","Appartement","2226"
"29039","CONCARNEAU","Appartement","2983"
"29215","PLOZEVET","Appartement","1989"
"29072","GUILVINEC","Appartement","3166"
"29217","PONT-AVEN","Appartement","2441"
"29031","CLOHARS CARNOET","Appartement","4127"
"29049","ELLIANT","Appartement","3052"
"29169","PLOGONNEC","Appartement","2522"
"29171","PLOMEUR","Appartement","1792"
"29004","BANNALEC","Appartement","2761"
"29293","TREGUNC","Appartement","2566"
"29174","PLONEOUR LANVERN","Appartement","3946"
"29233","QUIMPERLE","Appartement","2172"
"29135","LOCTUDY","Appartement","2925"
"29085","ILE TUDY","Appartement","3154"
"29153","NEVEZ","Appartement","4128"
"29020","BRIEC","Appartement","8420"
"29107","LANDUDAL","Appartement","2169"
"29241","ROSPORDEN","Appartement","6574"
"29150","MOELAN SUR MER","Appartement","3831"
"29234","REDENE","Appartement","3648"
"29297","TREMEVEN","Appartement","1975"
"29002","ARZANO","Appartement","0"
"29019","BREST","Appartement","2887"
"29260","SAINT RENAN","Appartement","2755"
"29196","PLOUGUIN","Appartement","0"
"29178","PLOUDALMEZEAU","Appartement","2609"
"29069","GUILERS","Appartement","2190"
"29212","PLOUZANE","Appartement","3766"
"29190","PLOUGONVELIN","Appartement","5200"
"29011","BOHARS","Appartement","5691"
"29040","LE CONQUET","Appartement","2865"
"29061","GOUESNOU","Appartement","3586"
"29130","LOCMARIA-PLOUZANE","Appartement","2440"
"29151","MORLAIX","Appartement","3074"
"29239","ROSCOFF","Appartement","2842"
"29103","LANDERNEAU","Appartement","2542"
"29199","PLOUIGNEAU","Appartement","0"
"29023","CARANTEC","Appartement","2475"
"29124","LESNEVEN","Appartement","2696"
"29105","LANDIVISIAU","Appartement","2565"
"29101","LANDEDA","Appartement","1988"
"29160","PLABENNEC","Appartement","4016"
"29235","LE RELECQ-KERHUON","Appartement","4341"
"29259","SAINT-POL-DE-LEON","Appartement","4894"
"29091","KERLOUAN","Appartement","0"
"29030","CLEDER","Appartement","2067"
"29185","PLOUESCAT","Appartement","1525"
"29064","GOULVEN","Appartement","1803"
"29198","PLOUIDER","Appartement","3429"
"29080","L HOPITAL CAMFROUT","Appartement","4268"
"29188","PLOUGASNOU","Appartement","1905"
"29189","PLOUGASTEL-DAOULAS","Appartement","2569"
"29075","GUIPAVAS","Appartement","2384"
"29055","LE FOLGOET","Appartement","4269"
"29133","LOCQUIREC","Appartement","3091"
"29254","SAINT-MARTIN-DES-CHAMPS","Appartement","4350"
"29098","LAMPAUL-PLOUARZEL","Appartement","2110"
"29209","PLOUVIEN","Appartement","2617"
"29113","LANMEUR","Appartement","1794"
"29117","LANNILIS","Appartement","2315"
"29086","IRVILLAC","Appartement","1591"
"29180","PLOUDIRY","Appartement","2069"
"29245","ST DIVY","Appartement","0"
"29268","ST THONAN","Appartement","2272"
"29195","PLOUGUERNEAU","Appartement","9225"
"29042","CROZON","Appartement","2751"
"29053","LE FAOU","Appartement","3926"
"29256","SAINT-NIC","Appartement","2207"
"29162","PLEYBEN","Appartement","2904"
"29120","LANVEOC","Appartement","1001"
"29024","CARHAIX-PLOUGUER","Appartement","3008"
"29022","CAMARET-SUR-MER","Appartement","4244"
"29081","LE HUELGOAT","Appartement","2522"
"29175","PLONEVEZ DU FAOU","Appartement","910"
"29067","GUERLESQUIN","Appartement","4339"
"29191","PLOUGONVEN","Appartement","1304"
"29079","HENVIC","Appartement","1849"
"29273","SANTEC","Appartement","1250"
"29082","ILE-DE-BATZ","Appartement","8320"
"35210","PACE","Appartement","2912"
"35238","RENNES","Appartement","3938"
"35059","LA CHAPELLE DES FOUGERETZ","Appartement","5991"
"35051","CESSON-SEVIGNE","Appartement","3445"
"35266","SAINT-ERBLON","Appartement","2215"
"35032","BOURGBARRE","Appartement","2212"
"35281","ST JACQUES DE LA LANDE","Appartement","2572"
"35047","BRUZ","Appartement","3197"
"35206","NOYAL-CHATILLON-SUR-SEICHE","Appartement","2753"
"35066","CHARTRES-DE-BRETAGNE","Appartement","2917"
"35055","CHANTEPIE","Appartement","2916"
"35216","PARTHENAY-DE-BRETAGNE","Appartement","1700"
"35024","BETTON","Appartement","3069"
"35278","SAINT-GREGOIRE","Appartement","3507"
"35352","VERN-SUR-SEICHE","Appartement","2716"
"35353","VEZIN-LE-COQUET","Appartement","4605"
"35001","ACIGNE","Appartement","2447"
"35363","PONT-PEAN","Appartement","3702"
"35208","ORGERES","Appartement","2203"
"35120","GEVEZE","Appartement","2134"
"35189","MONTGERMONT","Appartement","2615"
"35326","SENS-DE-BRETAGNE","Appartement","1253"
"35088","CORPS-NUDS","Appartement","1959"
"35069","CHATEAUGIRON","Appartement","3201"
"35131","L'HERMITAGE","Appartement","2463"
"35136","JANZE","Appartement","2830"
"35173","MELESSE","Appartement","3272"
"35275","SAINT-GILLES","Appartement","2216"
"35227","PLEUMELEUC","Appartement","2319"
"35076","CHAVAGNE","Appartement","2364"
"35240","LE RHEU","Appartement","2767"
"35331","TALENSAC","Appartement","4608"
"35188","MONTFORT-SUR-MEU","Appartement","2610"
"35099","DOMLOUP","Appartement","2031"
"35023","BEDEE","Appartement","2557"
"35152","LIFFRE","Appartement","2741"
"35118","GAHARD","Appartement","1563"
"35184","MONTAUBAN-DE-BRETAGNE","Appartement","3420"
"35250","SAINT-ARMEL","Appartement","2019"
"35135","IRODOUER","Appartement","1821"
"35196","MORDELLES","Appartement","2438"
"35195","MONTREUIL-SUR-ILLE","Appartement","1723"
"35334","THORIGNE-FOUILLARD","Appartement","2921"
"35022","BECHEREL","Appartement","3661"
"35177","LA MEZIERE","Appartement","3054"
"35297","SAINT-MEEN-LE-GRAND","Appartement","1688"
"35220","PIRE-SUR-SEICHE","Appartement","4694"
"35251","SAINT-AUBIN-D AUBIGNE","Appartement","2154"
"35315","SAINT-SULPICE-LA-FORET","Appartement","0"
"35037","BREAL-SOUS-MONTFORT","Appartement","2369"
"35079","CHEVAIGNE","Appartement","4312"
"35133","IFFENDIC","Appartement","2396"
"35207","NOYAL-SUR-VILAINE","Appartement","3348"
"35040","BRETEIL","Appartement","1979"
"35204","NOUVOITOU","Appartement","2126"
"35223","PLELAN-LE-GRAND","Appartement","2232"
"35110","FEINS","Appartement","1722"
"35065","LA CHAPELLE THOUARAULT","Appartement","2358"
"35245","ROMILLE","Appartement","2282"
"35327","SERVON-SUR-VILAINE","Appartement","2208"
"35058","LA CHAPELLE CHAUSSEE","Appartement","3865"
"35319","SAINT-THURIAL","Appartement","1752"
"35130","HEDE-BAZOUGES","Appartement","4553"
"35031","LA BOUEXIERE","Appartement","5479"
"35039","BRECE","Appartement","2908"
"35320","SAINT-UNIAC","Appartement","0"
"35290","SAINT-MALON-SUR-MEL","Appartement","1724"
"35080","CINTRE","Appartement","2043"
"35356","VIGNOC","Appartement","2089"
"35117","GAEL","Appartement","924"
"35211","PAIMPONT","Appartement","2555"
"35296","SAINT-MEDARD-SUR-ILLE","Appartement","3368"
"35060","LA CHAPELLE DU LOU DU LAC","Appartement","4949"
"35115","FOUGERES","Appartement","2682"
"35019","BAZOUGES-LA-PEROUSE","Appartement","1200"
"35253","SAINT-AUBIN-DU-CORMIER","Appartement","2032"
"35162","LOUVIGNE-DU-DESERT","Appartement","1186"
"35304","SAINT-OUEN-DES-ALLEUX","Appartement","0"
"35142","LANDEAN","Appartement","1378"
"35163","LUITRE-DOMPIERRE","Appartement","2012"
"35257","MAEN ROCH","Appartement","4039"
"35215","PARIGNE","Appartement","9899"
"35062","LA CHAPELLE JANSON","Appartement","0"
"35292","SAINT-MARC-LE-BLANC","Appartement","1397"
"35004","VAL-COUESNON","Appartement","2478"
"35230","POILLEY","Appartement","2885"
"35191","LES PORTES DU COGLAIS","Appartement","1869"
"35121","GOSNE","Appartement","4452"
"35018","LA BAZOUGE DU DESERT","Appartement","534"
"35112","FLEURIGNE","Appartement","1535"
"35090","CREVIN","Appartement","1916"
"35236","REDON","Appartement","2671"
"35126","GUICHEN","Appartement","2796"
"35123","GOVEN","Appartement","1809"
"35139","LAILLE","Appartement","2615"
"35127","GUIGNEN","Appartement","1630"
"35012","BAIN-DE-BRETAGNE","Appartement","3712"
"35033","BOURG-DES-COMPTES","Appartement","2816"
"35057","LA CHAPELLE BOUEXIC","Appartement","1273"
"35176","GUIPRY-MESSAC","Appartement","3262"
"35212","PANCE","Appartement","5934"
"35231","POLIGNE","Appartement","3399"
"35219","PIPRIAC","Appartement","2991"
"35237","RENAC","Appartement","2030"
"35149","LASSY","Appartement","1708"
"35160","LOUTEHEL","Appartement","0"
"35168","VAL D'ANAST","Appartement","1531"
"35124","GRAND-FOUGERAY","Appartement","4017"
"35145","LANGON","Appartement","0"
"35016","BAULON","Appartement","882"
"35175","MERNEL","Appartement","1604"
"35288","SAINT-MALO","Appartement","4282"
"35093","DINARD","Appartement","4905"
"35179","MINIAC-MORVAN","Appartement","2491"
"35226","PLEUGUENEUC","Appartement","1467"
"35337","TINTENIAC","Appartement","3229"
"35345","TREVERIEN","Appartement","0"
"35329","SOUGEAL","Appartement","1902"
"35049","CANCALE","Appartement","5844"
"35299","SAINT-MELOIR-DES-ONDES","Appartement","4806"
"35314","SAINT-SULIAC","Appartement","0"
"35095","DOL DE BRETAGNE","Appartement","3202"
"35228","PLEURTUIT","Appartement","2515"
"35186","MONT-DOL","Appartement","0"
"35287","SAINT-LUNAIRE","Appartement","4354"
"35362","LE TRONCHET","Appartement","2059"
"35122","LA GOUESNIERE","Appartement","2263"
"35070","CHATEAUNEUF-D ILLE-ET-VILAI","Appartement","2440"
"35256","SAINT-BRIAC-SUR-MER","Appartement","4337"
"35247","ROZ-SUR-COUESNON","Appartement","4478"
"35225","PLESDER","Appartement","1491"
"35241","LA RICHARDAIS","Appartement","3123"
"35085","COMBOURG","Appartement","2619"
"35265","SAINT-DOMINEUC","Appartement","2678"
"35308","SAINT-PIERRE-DE-PLESGUEN","Appartement","7649"
"35263","SAINT-COULOMB","Appartement","3820"
"35222","PLEINE-FOUGERES","Appartement","2429"
"35284","SAINT-JOUAN-DES-GUERETS","Appartement","4635"
"35255","SAINT-BENOIT-DES-ONDES","Appartement","6028"
"35009","BAGUER-MORVAN","Appartement","3111"
"35259","SAINT-BROLADRE","Appartement","1274"
"35104","EPINIAC","Appartement","3344"
"35078","CHERRUEIX","Appartement","3406"
"35034","LA BOUSSAC","Appartement","1716"
"35246","ROZ-LANDRIEUX","Appartement","2929"
"35361","LE VIVIER SUR MER","Appartement","8842"
"35172","MEILLAC","Appartement","1900"
"35291","SAINT-MARCAN","Appartement","14613"
"35125","LA GUERCHE-DE-BRETAGNE","Appartement","2524"
"35109","ETRELLES","Appartement","2272"
"35360","VITRE","Appartement","5067"
"35096","DOMAGNE","Appartement","2174"
"35068","CHATEAUBOURG","Appartement","3158"
"35006","ARGENTRE-DU-PLESSIS","Appartement","1604"
"35239","RETIERS","Appartement","2006"
"35161","LOUVIGNE-DE-BAIS","Appartement","1848"
"35167","MARTIGNE-FERCHAUD","Appartement","2322"
"35347","VAL-D'IZE","Appartement","0"
"35283","SAINT-JEAN-SUR-VILAINE","Appartement","2378"
"35072","CHATILLON-EN-VENDELAIS","Appartement","5316"
"35014","BAIS","Appartement","2859"
"35194","MONTREUIL-SOUS-PEROUSE","Appartement","2237"
"35217","LE PERTRE","Appartement","1583"
"35235","RANNEE","Appartement","1535"
"35252","SAINT-AUBIN-DES-LANDES","Appartement","1653"
"35264","SAINT-DIDIER","Appartement","0"
"56260","VANNES","Appartement","3781"
"56184","QUESTEMBERT","Appartement","3212"
"56164","PLOEREN","Appartement","2665"
"56067","GRANDCHAMP","Appartement","2819"
"56005","ARZON","Appartement","3916"
"56243","SENE","Appartement","4290"
"56158","PLESCOP","Appartement","2500"
"56106","LARMOR-BADEN","Appartement","4126"
"56087","ILE-AUX-MOINES","Appartement","4555"
"56001","ALLAIRE","Appartement","2176"
"56240","SARZEAU","Appartement","4256"
"56052","DAMGAN","Appartement","4013"
"56195","LA ROCHE BERNARD","Appartement","2103"
"56042","COLPO","Appartement","5494"
"56004","ARZAL","Appartement","2033"
"56155","PENESTIN","Appartement","2955"
"56214","SAINT-GILDAS-DE-RHUYS","Appartement","3905"
"56251","THEIX-NOYALO","Appartement","3474"
"56143","MUZILLAC","Appartement","6672"
"56255","TREFFLEAN","Appartement","2143"
"56003","ARRADON","Appartement","4014"
"56022","BRANDIVY","Appartement","7860"
"56206","SAINT-AVE","Appartement","3441"
"56248","SURZUR","Appartement","3755"
"56053","ELVEN","Appartement","3478"
"56008","BADEN","Appartement","3745"
"56002","AMBON","Appartement","2167"
"56030","CAMOEL","Appartement","7143"
"56196","ROCHEFORT-EN-TERRE","Appartement","1931"
"56231","SAINT-NOLFF","Appartement","2929"
"56061","LA GACILLY","Appartement","3209"
"56033","CARENTOIR","Appartement","0"
"56147","NIVILLAC","Appartement","1512"
"56015","BERRIC","Appartement","6541"
"56123","MALANSAC","Appartement","2531"
"56018","BILLIERS","Appartement","3565"
"56111","LIMERZEL","Appartement","0"
"56153","PEAULE","Appartement","2515"
"56254","TREDION","Appartement","0"
"56132","MEUCON","Appartement","1782"
"56137","MONTERBLANC","Appartement","1178"
"56121","LORIENT","Appartement","3022"
"56169","PLOUHINEC","Appartement","3114"
"56107","LARMOR-PLAGE","Appartement","4555"
"56078","GUIDEL","Appartement","2962"
"56098","LANESTER","Appartement","3652"
"56083","HENNEBONT","Appartement","2164"
"56101","LANGUIDIC","Appartement","5119"
"56162","PLOEMEUR","Appartement","3598"
"56062","GAVRES","Appartement","1836"
"56181","PORT-LOUIS","Appartement","4061"
"56118","LOCMIQUELIC","Appartement","2302"
"56090","INZINZAC-LOCHRIST","Appartement","3283"
"56185","QUEVEN","Appartement","6062"
"56063","GESTEL","Appartement","2381"
"56094","KERVIGNAC","Appartement","3261"
"56166","PLOUAY","Appartement","3598"
"56036","CAUDAN","Appartement","3669"
"56130","MERLEVENEZ","Appartement","2094"
"56040","CLEGUER","Appartement","2180"
"56148","NOSTANG","Appartement","7432"
"56089","INGUINIEL","Appartement","1466"
"56069","GROIX","Appartement","6184"
"56026","BUBRY","Appartement","2136"
"56186","QUIBERON","Appartement","5621"
"56007","AURAY","Appartement","3973"
"56023","BRECH","Appartement","4339"
"56161","PLOEMEL","Appartement","3140"
"56054","ERDEVEN","Appartement","2932"
"56055","ETEL","Appartement","3449"
"56258","LA TRINITE SUR MER","Appartement","4649"
"56013","BELZ","Appartement","3105"
"56177","PLUVIGNER","Appartement","3308"
"56034","CARNAC","Appartement","5118"
"56234","SAINT-PIERRE-QUIBERON","Appartement","3467"
"56152","LE PALAIS","Appartement","5126"
"56167","PLOUGOUMELEN","Appartement","2689"
"56262","LE BONO","Appartement","4516"
"56086","HOUAT","Appartement","9964"
"56168","PLOUHARNEL","Appartement","4684"
"56046","CRACH","Appartement","6851"
"56176","PLUNERET","Appartement","2860"
"56097","LANDEVANT","Appartement","2246"
"56241","SAUZON","Appartement","4460"
"56175","PLUMERGAT","Appartement","2582"
"56263","SAINTE-ANNE-D'AURAY","Appartement","2054"
"56096","LANDAUL","Appartement","2843"
"56233","SAINT-PHILIBERT","Appartement","3498"
"56116","LOCMARIAQUER","Appartement","6547"
"56119","LOCOAL-MENDON","Appartement","4421"
"56114","LOCMARIA","Appartement","0"
"56165","PLOERMEL","Appartement","4222"
"56124","MALESTROIT","Appartement","3420"
"56197","VAL D'OUST","Appartement","2845"
"56222","SAINT-JEAN-BREVELAY","Appartement","1208"
"56091","JOSSELIN","Appartement","3973"
"56070","GUEGON","Appartement","2497"
"56198","ROHAN","Appartement","2732"
"56129","MENEAC","Appartement","931"
"56075","GUER","Appartement","3575"
"56032","CAMPENEAC","Appartement","3489"
"56173","PLUMELIAU","Appartement","2498"
"56066","GOURIN","Appartement","2031"
"56081","GUISCRIFF","Appartement","1467"
"56178","PONTIVY","Appartement","3041"
"56010","BAUD","Appartement","2565"
"56117","LOCMINE","Appartement","3440"
"56264","KERNASCLEDEN","Appartement","1137"
"56131","MESLAN","Appartement","1192"
"56140","MOREAC","Appartement","3409"
"56073","GUEMENE-SUR-SCORFF","Appartement","1126"
"56057","LE FAOUET","Appartement","1209"
"56100","LANGONNET","Appartement","1641"
"56105","LANVENEGEN","Appartement","2739"
"56151","NOYAL-PONTIVY","Appartement","4187"
"56041","CLEGUEREC","Appartement","2294"
"56246","LE SOURN","Appartement","3938"
"56125","MALGUENAC","Appartement","2265"
"22345","TREBRY","Appartement","7000"
"22372","TREMUSON","Appartement","1240"
"22277","SAINT-BRANDAN","Appartement","2332"
"22326","SAINT-RIEUL","Appartement","6750"
"22377","TREVENEUC","Appartement","1354"
"22173","PLANGUENOUAL","Appartement","2820"
"22232","PLOURHAN","Appartement","3749"
"22171","PLAINTEL","Appartement","3224"
"22307","SAINT-JULIEN","Appartement","2172"
"22086","KERFOT","Appartement","4154"
"22390","YVIAS","Appartement","3186"
"22236","PLUDUAL","Appartement","589"
"22140","LA MALHOURE","Appartement","1873"
"22057","LE FAOUET","Appartement","3773"
"22234","PLOUVARA","Appartement","0"
"22185","PLENEE-JUGON","Appartement","2951"
"22145","MEGRIT","Appartement","2056"
"22021","BRUSVILY","Appartement","1232"
"22105","LANGUENAN","Appartement","1351"
"22053","EREAC","Appartement","1382"
"22388","VILDE-GUINGALAN","Appartement","0"
"22029","CANIHUEL","Appartement","0"
"22067","GRACES","Appartement","2759"
"22065","GOUDELIN","Appartement","0"
"22321","ST NICOLAS DU PELEM","Appartement","934"
"22218","PLOUGRESCANT","Appartement","3847"
"22347","TREDARZEC","Appartement","1915"
"22134","LOUANNEC","Appartement","4054"
"22387","LE VIEUX MARCHE","Appartement","1437"
"22085","KERBORS","Appartement","2978"
"22224","PLOULEC'H","Appartement","5451"
"22221","PLOUGUIEL","Appartement","0"
"22226","PLOUMILLIAU","Appartement","4915"
"22196","PLEUDANIEL","Appartement","2786"
"22340","TONQUEDEC","Appartement","5555"
"22028","CAMLEZ","Appartement","1570"
"22219","PLOUGUENAST-LANGAST","Appartement","1444"
"22255","LA PRENESSAYE","Appartement","0"
"22241","PLUMIEUX","Appartement","2562"
"22133","LE LOSCOUET-SUR-MEU","Appartement","216"
"22181","PLELAUFF","Appartement","765"
"22184","PLEMY","Appartement","0"
"29165","PLOBANNALEC LESCONIL","Appartement","2880"
"29037","COMBRIT","Appartement","2526"
"29032","CLOHARS FOUESNANT","Appartement","3663"
"29197","PLOUHINEC","Appartement","2231"
"29161","PLEUVEN","Appartement","2196"
"29063","GOULIEN","Appartement","0"
"29066","GUENGAT","Appartement","1861"
"29057","LA FORET-FOUESNANT","Appartement","2825"
"29170","PLOMELIN","Appartement","3010"
"29167","PLOGASTEL ST GERMAIN","Appartement","1487"
"29108","LANDUDEC","Appartement","1531"
"29247","ST EVARZEC","Appartement","0"
"29145","CONFORT MEILARS","Appartement","2468"
"29218","PONT CROIX","Appartement","2717"
"29051","ERGUE GABERIC","Appartement","1986"
"29060","GOUESNACH","Appartement","3230"
"29226","POULLAN SUR MER","Appartement","1877"
"29274","SCAER","Appartement","838"
"29136","LOCUNOLE","Appartement","0"
"29236","RIEC SUR BELON","Appartement","3997"
"29272","SAINT YVI","Appartement","3312"
"29300","LE TREVOUX","Appartement","1202"
"29147","MELLAC","Appartement","2608"
"29146","MELGVEN","Appartement","3350"
"29269","ST THURIEN","Appartement","1437"
"29257","SAINT-PABU","Appartement","0"
"29177","PLOUARZEL","Appartement","2288"
"29137","LOGONNA-DAOULAS","Appartement","725"
"29077","GUISSENY","Appartement","2167"
"29056","LA FOREST-LANDERNEAU","Appartement","0"
"29179","PLOUDANIEL","Appartement","2981"
"29095","KERSAINT PLABENNEC","Appartement","2123"
"29015","BOURG BLANC","Appartement","2732"
"29021","PLOUNEOUR-BRIGNOGAN-PLAGES","Appartement","1854"
"29076","MILIZAC-GUIPRONVEL","Appartement","3531"
"29176","PLONEVEZ-PORZAY","Appartement","2027"
"29026","CHATEAULIN","Appartement","2859"
"29027","CHATEAUNEUF-DU-FAOU","Appartement","1291"
"29139","LOPEREC","Appartement","2027"
"29222","PORT-LAUNAY","Appartement","1528"
"29275","SCRIGNAC","Appartement","1339"
"29172","PLOMODIERN","Appartement","3112"
"29016","BRASPARTS","Appartement","352"
"29012","BOLAZEC","Appartement","0"
"29054","LA FEUILLEE","Appartement","1276"
"29025","CAST","Appartement","1549"
"29278","SPEZET","Appartement","623"
"29302","PONT-DE-BUIS-LES-QUIMERC'H","Appartement","4529"
"29276","SIBIRIL","Appartement","3419"
"29244","SAINT-DERRIEN","Appartement","1567"
"29132","LOCQUENOLE","Appartement","1646"
"29279","TAULE","Appartement","1700"
"29059","GARLAN","Appartement","2582"
"29202","PLOUNEOUR-MENEZ","Appartement","2227"
"29163","PLEYBER-CHRIST","Appartement","1585"
"29204","PLOUNEVENTER","Appartement","1500"
"29097","LAMPAUL-GUIMILIAU","Appartement","0"
"29148","MESPAUL","Appartement","1122"
"29207","PLOURIN-LES-MORLAIX","Appartement","1419"
"29074","GUIMILIAU","Appartement","756"
"29068","GUICLAN","Appartement","0"
"29265","SAINTE-SEVE","Appartement","0"
"29192","PLOUGOULM","Appartement","0"
"29206","PLOUNEVEZ-LOCHRIST","Appartement","2551"
"29266","SAINT-THEGONNEC LOC-EGUINER","Appartement","763"
"35193","MONTREUIL-LE-GAST","Appartement","12621"
"35067","CHASNE-SUR-ILLET","Appartement","5080"
"35002","AMANLIS","Appartement","4331"
"35274","SAINT-GERMAIN-SUR-ILLE","Appartement","3787"
"35187","MONTERFIL","Appartement","0"
"35144","LANGAN","Appartement","4071"
"35295","SAINT-MAUGAN","Appartement","0"
"35302","SAINT ONEN LA CHAPELLE","Appartement","1416"
"35164","MARCILLE-RAOUL","Appartement","3451"
"35150","LECOUSSE","Appartement","2605"
"35273","SAINT-GERMAIN-EN-COGLES","Appartement","1413"
"35106","ERCE-EN-LAMEE","Appartement","1386"
"35202","LA NOE BLANCHE","Appartement","1867"
"35249","SAINTE-ANNE-SUR-VILAINE","Appartement","0"
"35013","BAINS-SUR-OUST","Appartement","1843"
"35306","SAINT-PERE MARC EN POULET","Appartement","5217"
"35116","LA FRESNAIS","Appartement","1944"
"35010","BAGUER-PICAN","Appartement","2356"
"35335","THOURIE","Appartement","0"
"35229","POCE-LES-BOIS","Appartement","3193"
"35052","CHAMPEAUX","Appartement","0"
"35015","BALAZE","Appartement","841"
"35082","COESMES","Appartement","547"
"35200","MOUTIERS","Appartement","2257"
"56154","PEILLAC","Appartement","1411"
"56149","NOYAL-MUZILLAC","Appartement","2975"
"56058","FEREL","Appartement","4719"
"56247","SULNIAC","Appartement","3136"
"56223","SAINT-JEAN-LA-POTERIE","Appartement","5526"
"56157","PLAUDREN","Appartement","3901"
"56220","SAINTE HELENE","Appartement","15374"
"56179","PONT-SCORFF","Appartement","2117"
"56193","RIANTEC","Appartement","2038"
"56031","CAMORS","Appartement","4688"
"56136","MONTENEUF","Appartement","4883"
"56127","MAURON","Appartement","1529"
"56145","NEANT-SUR-YVEL","Appartement","1007"
"56244","SERENT","Appartement","1328"
"56190","REGUINY","Appartement","1304"
"56017","BIGNAN","Appartement","1661"
"56122","LOYAT","Appartement","668"
"56035","CARO","Appartement","1360"
"56072","GUELTAS","Appartement","1634"
"56076","GUERN","Appartement","1157"
"56170","PLOURAY","Appartement","0"
"56199","ROUDOUALLEC","Appartement","0"
"56237","SAINT-THURIAU","Appartement","0"
"56146","NEULLIAC","Appartement","0"
"22144","LA MEAUGON","Appartement","2143"
"22356","TREGOMEUR","Appartement","1883"
"22011","BOQUEHO","Appartement","423"
"22188","PLERNEUF","Appartement","1538"
"22308","SAINT-JUVAT","Appartement","2329"
"22240","PLUMAUGAT","Appartement","857"
"22323","SAINT-POTAN","Appartement","1215"
"22200","PLEVEN","Appartement","2698"
"22114","LANRELAS","Appartement","9022"
"22299","SAINT-HELEN","Appartement","3461"
"22341","TRAMAIN","Appartement","0"
"22161","PABU","Appartement","2875"
"22229","PLOUNEVEZ QUINTIN","Appartement","493"
"22189","PLESIDY","Appartement","576"
"22164","PEDERNEC","Appartement","2217"
"22212","PLOUEC-DU-TRIEUX","Appartement","1150"
"22135","LOUARGAT","Appartement","2347"
"22037","LA CHAPELLE NEUVE","Appartement","0"
"22166","PENVENAN","Appartement","5879"
"22383","TROGUERY","Appartement","0"
"22366","TREMEL","Appartement","828"
"22064","GOUAREC","Appartement","0"
"22244","PLUSSULIEN","Appartement","735"
"29159","PEUMERIT","Appartement","1813"
"29284","TREFFIAGAT","Appartement","2450"
"29228","PRIMELIN","Appartement","0"
"29005","BAYE","Appartement","1823"
"29221","PORSPODER","Appartement","3542"
"29112","LANILDUT","Appartement","0"
"29109","LANDUNVEZ","Appartement","1821"
"29140","LOPERHET","Appartement","2590"
"29144","LA MARTYRE","Appartement","2036"
"29035","COAT MEAL","Appartement","3378"
"29155","OUESSANT","Appartement","3132"
"29094","KERNOUES","Appartement","0"
"29237","LA ROCHE MAURICE","Appartement","2556"
"29181","PLOUEDERN","Appartement","2989"
"29280","TELGRUC-SUR-MER","Appartement","1785"
"29267","SAINT THOIS","Appartement","0"
"29007","BERRIEN","Appartement","6159"
"29125","LEUHAN","Appartement","337"
"29263","SAINT-SEGAL","Appartement","1351"
"29001","ARGOL","Appartement","2119"
"29062","GOUEZEC","Appartement","0"
"29044","DINEAULT","Appartement","1240"
"29111","LANHOUARNEAU","Appartement","0"
"29182","PLOUEGAT-GUERRAND","Appartement","2708"
"29010","BODILIS","Appartement","3333"
"29038","COMMANA","Appartement","646"
"35233","QUEBRIAC","Appartement","1250"
"35340","TREFFENDEL","Appartement","2519"
"35171","MEDREAC","Appartement","1208"
"35234","QUEDILLAC","Appartement","932"
"35197","MOUAZE","Appartement","1994"
"35003","ANDOUILLE-NEUVILLE","Appartement","4556"
"35094","DINGE","Appartement","4159"
"35107","ERCE-PRES-LIFFRE","Appartement","0"
"35271","ST GEORGES DE REINTEMBAULT","Appartement","932"
"35174","MELLE","Appartement","0"
"35324","LA SELLE-EN-LUITRE","Appartement","1928"
"35328","SIXT-SUR-AFF","Appartement","3319"
"35289","SAINT-MALO-DE-PHILY","Appartement","4050"
"35147","LANHELIN","Appartement","1836"
"35017","LA BAUSSAINE","Appartement","1405"
"35185","MONTAUTOUR","Appartement","0"
"35108","ESSE","Appartement","2765"
"56212","SAINT-DOLAY","Appartement","1475"
"56085","HOEDIC","Appartement","7870"
"56228","SAINT-MARCEL","Appartement","1278"
"56080","GUILLIERS","Appartement","2004"
"56172","PLUMELEC","Appartement","1174"
"56227","SAINT-MALO-DES-TROIS-FONTAI","Appartement","2334"
"56014","BERNE","Appartement","1150"
"56039","LA CHAPELLE NEUVE","Appartement","873"
"56128","MELRAND","Appartement","3066"
"56163","PLOERDUT","Appartement","814"
"22093","LAMBALLE-ARMOR","Vente terrain  btir","230"
"22287","SAINT-DONAN","Vente terrain  btir","45"
"22377","TREVENEUC","Vente terrain  btir","161"
"22242","PLURIEN","Vente terrain  btir","978"
"22182","PLELO","Vente terrain  btir","59"
"22372","TREMUSON","Vente terrain  btir","741"
"22278","SAINT-BRIEUC","Vente terrain  btir","125"
"22307","SAINT-JULIEN","Vente terrain  btir","0"
"22389","YFFINIAC","Vente terrain  btir","92"
"22186","PLENEUF-VAL-ANDRE","Vente terrain  btir","649"
"22176","PLEDRAN","Vente terrain  btir","28"
"22003","AUCALEUC","Vente terrain  btir","262"
"22342","TREBEDAN","Vente terrain  btir","42"
"22341","TRAMAIN","Vente terrain  btir","0"
"22209","BEAUSSAIS-SUR-MER","Vente terrain  btir","716"
"22076","HENANBIHEN","Vente terrain  btir","52"
"22118","LANVALLAY","Vente terrain  btir","654"
"22180","PLELAN-LE-PETIT","Vente terrain  btir","88"
"22032","CAULNES","Vente terrain  btir","263"
"22172","PLANCOET","Vente terrain  btir","87"
"22179","FREHEL","Vente terrain  btir","66"
"22268","RUCA","Vente terrain  btir","0"
"22014","BOURSEUL","Vente terrain  btir","0"
"22116","LANRODEC","Vente terrain  btir","43"
"22168","PERROS-GUIREC","Vente terrain  btir","0"
"22147","MERDRIGNAC","Vente terrain  btir","38"
"22371","TREMOREL","Vente terrain  btir","0"
"29232","QUIMPER","Vente terrain  btir","101"
"29165","PLOBANNALEC LESCONIL","Vente terrain  btir","60"
"29169","PLOGONNEC","Vente terrain  btir","75"
"29051","ERGUE GABERIC","Vente terrain  btir","5092"
"29039","CONCARNEAU","Vente terrain  btir","125"
"29076","MILIZAC-GUIPRONVEL","Vente terrain  btir","90"
"29075","GUIPAVAS","Vente terrain  btir","0"
"29119","LANRIVOARE","Vente terrain  btir","66"
"29079","HENVIC","Vente terrain  btir","0"
"29259","SAINT-POL-DE-LEON","Vente terrain  btir","54"
"29035","COAT MEAL","Vente terrain  btir","82"
"29105","LANDIVISIAU","Vente terrain  btir","73"
"29254","SAINT-MARTIN-DES-CHAMPS","Vente terrain  btir","0"
"29239","ROSCOFF","Vente terrain  btir","84"
"29206","PLOUNEVEZ-LOCHRIST","Vente terrain  btir","41"
"29023","CARANTEC","Vente terrain  btir","149"
"35208","ORGERES","Vente terrain  btir","188"
"35206","NOYAL-CHATILLON-SUR-SEICHE","Vente terrain  btir","234"
"35353","VEZIN-LE-COQUET","Vente terrain  btir","367"
"35001","ACIGNE","Vente terrain  btir","602"
"35189","MONTGERMONT","Vente terrain  btir","603"
"35059","LA CHAPELLE DES FOUGERETZ","Vente terrain  btir","4284"
"35120","GEVEZE","Vente terrain  btir","181"
"35238","RENNES","Vente terrain  btir","1292"
"35297","SAINT-MEEN-LE-GRAND","Vente terrain  btir","101"
"35039","BRECE","Vente terrain  btir","176"
"35076","CHAVAGNE","Vente terrain  btir","1689"
"35204","NOUVOITOU","Vente terrain  btir","371"
"35196","MORDELLES","Vente terrain  btir","290"
"35240","LE RHEU","Vente terrain  btir","522"
"35250","SAINT-ARMEL","Vente terrain  btir","175"
"35094","DINGE","Vente terrain  btir","265"
"35080","CINTRE","Vente terrain  btir","1092"
"35088","CORPS-NUDS","Vente terrain  btir","175"
"35065","LA CHAPELLE THOUARAULT","Vente terrain  btir","258"
"35081","CLAYES","Vente terrain  btir","174"
"35223","PLELAN-LE-GRAND","Vente terrain  btir","2320"
"35069","CHATEAUGIRON","Vente terrain  btir","382"
"35334","THORIGNE-FOUILLARD","Vente terrain  btir","0"
"35101","DOURDAIN","Vente terrain  btir","0"
"35135","IRODOUER","Vente terrain  btir","383"
"35356","VIGNOC","Vente terrain  btir","0"
"35099","DOMLOUP","Vente terrain  btir","0"
"35207","NOYAL-SUR-VILAINE","Vente terrain  btir","245"
"35031","LA BOUEXIERE","Vente terrain  btir","221"
"35118","GAHARD","Vente terrain  btir","0"
"35107","ERCE-PRES-LIFFRE","Vente terrain  btir","0"
"35138","LAIGNELET","Vente terrain  btir","68"
"35191","LES PORTES DU COGLAIS","Vente terrain  btir","76"
"35257","MAEN ROCH","Vente terrain  btir","92"
"35115","FOUGERES","Vente terrain  btir","283"
"35063","LA CHAPELLE SAINT AUBERT","Vente terrain  btir","57"
"35243","ROMAGNE","Vente terrain  btir","0"
"35280","SAINT-HILAIRE-DES-LANDES","Vente terrain  btir","73"
"35215","PARIGNE","Vente terrain  btir","45"
"35137","JAVENE","Vente terrain  btir","98"
"35292","SAINT-MARC-LE-BLANC","Vente terrain  btir","0"
"35273","SAINT-GERMAIN-EN-COGLES","Vente terrain  btir","68"
"35139","LAILLE","Vente terrain  btir","1190"
"35236","REDON","Vente terrain  btir","113"
"35127","GUIGNEN","Vente terrain  btir","3636"
"35124","GRAND-FOUGERAY","Vente terrain  btir","47"
"35151","LIEURON","Vente terrain  btir","100"
"35012","BAIN-DE-BRETAGNE","Vente terrain  btir","121"
"35155","LOHEAC","Vente terrain  btir","50"
"35212","PANCE","Vente terrain  btir","288"
"35057","LA CHAPELLE BOUEXIC","Vente terrain  btir","85"
"35045","BRUC-SUR-AFF","Vente terrain  btir","0"
"35299","SAINT-MELOIR-DES-ONDES","Vente terrain  btir","1564"
"35362","LE TRONCHET","Vente terrain  btir","589"
"35265","SAINT-DOMINEUC","Vente terrain  btir","155"
"35241","LA RICHARDAIS","Vente terrain  btir","173"
"35288","SAINT-MALO","Vente terrain  btir","224"
"35172","MEILLAC","Vente terrain  btir","61"
"35034","LA BOUSSAC","Vente terrain  btir","49"
"35314","SAINT-SULIAC","Vente terrain  btir","1013"
"35337","TINTENIAC","Vente terrain  btir","570"
"35006","ARGENTRE-DU-PLESSIS","Vente terrain  btir","0"
"35194","MONTREUIL-SOUS-PEROUSE","Vente terrain  btir","76"
"56137","MONTERBLANC","Vente terrain  btir","110"
"56164","PLOEREN","Vente terrain  btir","319"
"56018","BILLIERS","Vente terrain  btir","812"
"56260","VANNES","Vente terrain  btir","13860"
"56240","SARZEAU","Vente terrain  btir","186"
"56003","ARRADON","Vente terrain  btir","0"
"56162","PLOEMEUR","Vente terrain  btir","456"
"56179","PONT-SCORFF","Vente terrain  btir","0"
"56094","KERVIGNAC","Vente terrain  btir","216"
"56166","PLOUAY","Vente terrain  btir","157"
"56193","RIANTEC","Vente terrain  btir","0"
"56090","INZINZAC-LOCHRIST","Vente terrain  btir","106"
"56069","GROIX","Vente terrain  btir","0"
"56185","QUEVEN","Vente terrain  btir","0"
"56176","PLUNERET","Vente terrain  btir","154"
"56046","CRACH","Vente terrain  btir","562"
"56023","BRECH","Vente terrain  btir","171"
"56175","PLUMERGAT","Vente terrain  btir","1178"
"56116","LOCMARIAQUER","Vente terrain  btir","2059"
"56097","LANDEVANT","Vente terrain  btir","0"
"56017","BIGNAN","Vente terrain  btir","42"
"56165","PLOERMEL","Vente terrain  btir","89"
"56151","NOYAL-PONTIVY","Vente terrain  btir","113"
"56131","MESLAN","Vente terrain  btir","0"
"56246","LE SOURN","Vente terrain  btir","137"
"56081","GUISCRIFF","Vente terrain  btir","0"
"56076","GUERN","Vente terrain  btir","0"
"56066","GOURIN","Vente terrain  btir","18"
"22360","TREGUEUX","Vente terrain  btir","82"
"22234","PLOUVARA","Vente terrain  btir","69"
"22054","ERQUY","Vente terrain  btir","317"
"22098","LANDEHEN","Vente terrain  btir","4057"
"22106","LANGUEUX","Vente terrain  btir","115"
"22143","MATIGNON","Vente terrain  btir","96"
"22049","CREHEN","Vente terrain  btir","108"
"22103","LANGROLAY-SUR-RANCE","Vente terrain  btir","358"
"22282","SAINT-CAST-LE-GUILDO","Vente terrain  btir","0"
"22302","SAINT-JACUT-DE-LA-MER","Vente terrain  btir","0"
"22213","PLOUER-SUR-RANCE","Vente terrain  btir","148"
"22113","LANNION","Vente terrain  btir","102"
"22090","KERMARIA-SULARD","Vente terrain  btir","54"
"29057","LA FORET-FOUESNANT","Vente terrain  btir","110"
"29174","PLONEOUR LANVERN","Vente terrain  btir","87"
"29066","GUENGAT","Vente terrain  btir","64"
"29216","PLUGUFFAN","Vente terrain  btir","103"
"29020","BRIEC","Vente terrain  btir","424"
"29031","CLOHARS CARNOET","Vente terrain  btir","136"
"29241","ROSPORDEN","Vente terrain  btir","185"
"29272","SAINT YVI","Vente terrain  btir","0"
"29260","SAINT RENAN","Vente terrain  btir","0"
"29069","GUILERS","Vente terrain  btir","223"
"29061","GOUESNOU","Vente terrain  btir","179"
"29019","BREST","Vente terrain  btir","0"
"29040","LE CONQUET","Vente terrain  btir","0"
"29017","BRELES","Vente terrain  btir","0"
"29011","BOHARS","Vente terrain  btir","0"
"29189","PLOUGASTEL-DAOULAS","Vente terrain  btir","155"
"29044","DINEAULT","Vente terrain  btir","0"
"29090","KERLAZ","Vente terrain  btir","64"
"35032","BOURGBARRE","Vente terrain  btir","0"
"35024","BETTON","Vente terrain  btir","448"
"35266","SAINT-ERBLON","Vente terrain  btir","1138"
"35327","SERVON-SUR-VILAINE","Vente terrain  btir","181"
"35184","MONTAUBAN-DE-BRETAGNE","Vente terrain  btir","200"
"35040","BRETEIL","Vente terrain  btir","240"
"35275","SAINT-GILLES","Vente terrain  btir","333"
"35144","LANGAN","Vente terrain  btir","0"
"35136","JANZE","Vente terrain  btir","0"
"35004","VAL-COUESNON","Vente terrain  btir","119"
"35324","LA SELLE-EN-LUITRE","Vente terrain  btir","34"
"35162","LOUVIGNE-DU-DESERT","Vente terrain  btir","42"
"35016","BAULON","Vente terrain  btir","0"
"35084","COMBLESSAC","Vente terrain  btir","0"
"35344","TRESSE","Vente terrain  btir","0"
"35049","CANCALE","Vente terrain  btir","1249"
"35360","VITRE","Vente terrain  btir","0"
"56153","PEAULE","Vente terrain  btir","0"
"56107","LARMOR-PLAGE","Vente terrain  btir","1001"
"56063","GESTEL","Vente terrain  btir","165"
"56098","LANESTER","Vente terrain  btir","198"
"56007","AURAY","Vente terrain  btir","202"
"56034","CARNAC","Vente terrain  btir","32998"
"56262","LE BONO","Vente terrain  btir","139"
"56075","GUER","Vente terrain  btir","0"
"56178","PONTIVY","Vente terrain  btir","1974"
"22232","PLOURHAN","Vente terrain  btir","0"
"22055","BINIC-ETABLES-SUR-MER","Vente terrain  btir","1182"
"22162","PAIMPOL","Vente terrain  btir","0"
"22094","LANCIEUX","Vente terrain  btir","140"
"22008","BOBITAL","Vente terrain  btir","77"
"22259","QUEVERT","Vente terrain  btir","90"
"22364","TRELIVAN","Vente terrain  btir","0"
"22200","PLEVEN","Vente terrain  btir","0"
"22353","TREGASTEL","Vente terrain  btir","0"
"22343","TREBEURDEN","Vente terrain  btir","0"
"22133","LE LOSCOUET-SUR-MEU","Vente terrain  btir","0"
"29284","TREFFIAGAT","Vente terrain  btir","0"
"29046","DOUARNENEZ","Vente terrain  btir","85"
"29006","BENODET","Vente terrain  btir","0"
"29170","PLOMELIN","Vente terrain  btir","202"
"29135","LOCTUDY","Vente terrain  btir","52"
"29220","PONT L ABBE","Vente terrain  btir","389"
"29085","ILE TUDY","Vente terrain  btir","150"
"29143","MAHALON","Vente terrain  btir","0"
"29005","BAYE","Vente terrain  btir","206"
"29281","TOURCH","Vente terrain  btir","129"
"29110","LANGOLEN","Vente terrain  btir","0"
"29002","ARZANO","Vente terrain  btir","0"
"29153","NEVEZ","Vente terrain  btir","0"
"29196","PLOUGUIN","Vente terrain  btir","74"
"29099","LAMPAUL-PLOUDALMEZEAU","Vente terrain  btir","130"
"29177","PLOUARZEL","Vente terrain  btir","0"
"29130","LOCMARIA-PLOUZANE","Vente terrain  btir","686"
"29124","LESNEVEN","Vente terrain  btir","0"
"29043","DAOULAS","Vente terrain  btir","0"
"29103","LANDERNEAU","Vente terrain  btir","485"
"29235","LE RELECQ-KERHUON","Vente terrain  btir","149"
"29209","PLOUVIEN","Vente terrain  btir","736"
"29042","CROZON","Vente terrain  btir","23"
"29172","PLOMODIERN","Vente terrain  btir","0"
"29022","CAMARET-SUR-MER","Vente terrain  btir","0"
"29113","LANMEUR","Vente terrain  btir","0"
"29074","GUIMILIAU","Vente terrain  btir","307"
"29273","SANTEC","Vente terrain  btir","0"
"35278","SAINT-GREGOIRE","Vente terrain  btir","398"
"35193","MONTREUIL-LE-GAST","Vente terrain  btir","279"
"35210","PACE","Vente terrain  btir","0"
"35274","SAINT-GERMAIN-SUR-ILLE","Vente terrain  btir","131"
"35227","PLEUMELEUC","Vente terrain  btir","505"
"35152","LIFFRE","Vente terrain  btir","182"
"35079","CHEVAIGNE","Vente terrain  btir","226"
"35315","SAINT-SULPICE-LA-FORET","Vente terrain  btir","166"
"35053","CHANCE","Vente terrain  btir","0"
"35251","SAINT-AUBIN-D AUBIGNE","Vente terrain  btir","278"
"35110","FEINS","Vente terrain  btir","0"
"35011","BAILLE","Vente terrain  btir","0"
"35332","TEILLAY","Vente terrain  btir","0"
"35122","LA GOUESNIERE","Vente terrain  btir","123"
"35287","SAINT-LUNAIRE","Vente terrain  btir","1947"
"35116","LA FRESNAIS","Vente terrain  btir","158"
"35222","PLEINE-FOUGERES","Vente terrain  btir","386"
"56143","MUZILLAC","Vente terrain  btir","844"
"56231","SAINT-NOLFF","Vente terrain  btir","123"
"56001","ALLAIRE","Vente terrain  btir","7480"
"56251","THEIX-NOYALO","Vente terrain  btir","199"
"56206","SAINT-AVE","Vente terrain  btir","0"
"56002","AMBON","Vente terrain  btir","0"
"56147","NIVILLAC","Vente terrain  btir","112"
"56126","MARZAN","Vente terrain  btir","100"
"56109","LAUZACH","Vente terrain  btir","0"
"56120","LOCQUELTAS","Vente terrain  btir","153"
"56214","SAINT-GILDAS-DE-RHUYS","Vente terrain  btir","0"
"56194","RIEUX","Vente terrain  btir","27"
"56224","SAINT-LAURENT","Vente terrain  btir","0"
"56008","BADEN","Vente terrain  btir","0"
"56067","GRANDCHAMP","Vente terrain  btir","687"
"56169","PLOUHINEC","Vente terrain  btir","0"
"56181","PORT-LOUIS","Vente terrain  btir","924"
"56078","GUIDEL","Vente terrain  btir","0"
"56161","PLOEMEL","Vente terrain  btir","0"
"56200","RUFFIAC","Vente terrain  btir","0"
"56136","MONTENEUF","Vente terrain  btir","86"
"56180","PORCARO","Vente terrain  btir","0"
"56117","LOCMINE","Vente terrain  btir","599"
"56144","EVELLYS","Vente terrain  btir","0"
